"temperature","weather_id","humidity","dew_point","precipitation","cloud_cover","wind_speed","weather_code","last_seen"
12.7,1,83.0,9.9,0.0,93,17.6,3,2026-06-04 23:17:02.153 +0100
12.7,2,83.0,9.9,0.0,93,17.6,3,2026-06-04 23:18:01.648 +0100
12.7,3,83.0,9.9,0.0,93,17.6,3,2026-06-04 23:19:02.167 +0100
12.7,4,83.0,9.9,0.0,93,17.6,3,2026-06-04 23:20:06.268 +0100
12.7,5,83.0,9.9,0.0,93,17.6,3,2026-06-04 23:21:01.770 +0100
12.7,6,83.0,9.9,0.0,93,17.6,3,2026-06-04 23:22:02.087 +0100
12.7,7,83.0,9.9,0.0,93,17.6,3,2026-06-04 23:23:01.579 +0100
12.8,8,83.0,10.0,0.0,93,16.9,3,2026-06-04 23:40:05.788 +0100
12.8,9,82.0,9.8,0.0,87,15.8,3,2026-06-05 00:20:05.675 +0100
12.8,10,83.0,10.0,0.0,96,15.1,3,2026-06-05 00:40:06.324 +0100
12.6,11,82.0,9.6,0.0,100,14.4,3,2026-06-05 01:20:05.681 +0100
12.4,12,80.0,9.0,0.0,89,13.7,3,2026-06-05 01:40:05.818 +0100
12.3,13,81.0,9.1,0.0,85,13.0,3,2026-06-05 02:20:06.496 +0100
12.2,14,81.0,9.1,0.0,91,13.3,3,2026-06-05 02:40:06.430 +0100
12.1,15,80.0,8.8,0.0,100,14.0,3,2026-06-05 03:00:13.736 +0100
12.0,16,80.0,8.7,0.0,100,14.4,3,2026-06-05 03:20:06.909 +0100
11.9,17,79.0,8.4,0.0,100,14.4,3,2026-06-05 03:40:07.354 +0100
11.7,18,78.0,8.0,0.0,100,14.0,3,2026-06-05 04:20:06.400 +0100
11.7,19,78.0,8.0,0.0,100,12.6,3,2026-06-05 04:40:07.137 +0100
11.4,20,77.0,7.5,0.0,100,13.3,3,2026-06-05 05:20:06.400 +0100
11.4,21,77.0,7.5,0.0,100,13.0,3,2026-06-05 05:40:06.235 +0100
11.3,22,73.0,6.6,0.0,100,12.6,3,2026-06-05 06:20:05.995 +0100
11.3,23,73.0,6.6,0.0,100,12.2,3,2026-06-05 06:40:06.133 +0100
11.2,24,74.0,6.7,0.0,100,11.2,3,2026-06-05 07:20:06.190 +0100
11.1,25,79.0,7.6,0.0,100,11.2,3,2026-06-05 07:40:06.136 +0100
10.8,26,81.0,7.7,0.0,100,9.4,3,2026-06-05 08:20:06.003 +0100
10.9,27,80.0,7.6,0.0,100,9.7,3,2026-06-05 08:40:06.022 +0100
12.3,28,65.0,5.9,0.0,94,10.8,3,2026-06-05 09:20:06.211 +0100
12.7,29,59.0,4.9,0.0,88,14.4,3,2026-06-05 09:40:06.743 +0100
13.5,30,53.0,4.1,0.0,74,13.3,2,2026-06-05 10:20:06.523 +0100
13.6,31,53.0,4.2,0.0,69,14.0,2,2026-06-05 10:40:06.455 +0100
13.8,32,52.0,4.1,0.0,59,12.6,2,2026-06-05 11:00:14.067 +0100
14.0,33,52.0,4.3,0.0,65,12.6,2,2026-06-05 11:20:06.627 +0100
14.0,34,54.0,4.9,0.0,100,13.3,3,2026-06-05 11:40:05.945 +0100
14.6,35,51.0,4.6,0.0,100,13.7,3,2026-06-05 12:20:06.425 +0100
15.0,36,48.0,4.1,0.0,100,14.0,3,2026-06-05 12:40:06.562 +0100
15.3,37,47.0,4.1,0.0,100,13.7,3,2026-06-05 13:20:05.915 +0100
15.4,38,47.0,4.1,0.0,84,14.0,3,2026-06-05 13:40:06.051 +0100
15.4,39,48.0,4.4,0.0,71,14.0,2,2026-06-05 14:00:13.049 +0100
15.4,40,48.0,4.5,0.0,72,13.7,2,2026-06-05 14:20:05.917 +0100
15.5,41,49.0,4.9,0.0,78,13.0,2,2026-06-05 14:40:06.464 +0100
15.6,42,49.0,5.0,0.0,99,14.0,3,2026-06-05 15:00:13.771 +0100
15.7,43,49.0,5.0,0.0,100,14.0,3,2026-06-05 15:20:06.536 +0100
16.1,44,49.0,5.4,0.0,88,14.8,3,2026-06-05 15:40:05.750 +0100
16.1,45,50.0,5.7,0.0,82,14.4,3,2026-06-05 16:20:06.230 +0100
16.1,46,48.0,5.1,0.0,84,15.5,3,2026-06-05 16:40:05.959 +0100
15.9,47,49.0,5.2,0.0,97,14.4,3,2026-06-05 17:00:14.187 +0100
15.9,48,49.0,5.2,0.0,99,14.4,3,2026-06-05 17:20:06.439 +0100
15.5,49,50.0,5.1,0.0,92,14.8,3,2026-06-05 17:40:06.985 +0100
15.3,50,51.0,5.2,0.0,94,15.5,3,2026-06-05 18:00:11.951 +0100
15.2,51,53.0,5.7,0.0,85,16.2,3,2026-06-05 18:20:05.828 +0100
15.7,52,49.0,5.0,0.0,91,15.1,3,2026-06-05 18:40:06.376 +0100
15.3,53,52.0,5.5,0.0,100,16.2,3,2026-06-05 19:00:13.579 +0100
15.0,54,54.0,5.8,0.0,100,15.8,3,2026-06-05 19:20:06.138 +0100
14.9,55,54.0,5.7,0.0,100,15.8,3,2026-06-05 19:40:06.072 +0100
14.4,56,57.0,6.0,0.0,100,13.7,3,2026-06-05 20:00:12.352 +0100
14.2,57,59.0,6.3,0.0,100,13.3,3,2026-06-05 20:20:05.936 +0100
14.0,58,61.0,6.6,0.0,100,13.3,3,2026-06-05 20:40:05.972 +0100
14.1,59,60.0,6.5,0.0,100,14.8,3,2026-06-05 21:00:12.355 +0100
14.0,60,61.0,6.6,0.0,100,14.0,3,2026-06-05 21:20:06.142 +0100
13.8,61,62.0,6.7,0.0,100,13.3,3,2026-06-05 21:40:05.971 +0100
13.6,62,63.0,6.7,0.0,100,12.2,3,2026-06-05 22:00:11.536 +0100
13.3,63,69.0,7.7,0.0,100,10.8,3,2026-06-05 22:20:05.939 +0100
13.3,64,63.0,6.4,0.0,100,13.7,3,2026-06-05 22:40:05.974 +0100
13.1,65,60.0,5.5,0.0,100,14.8,3,2026-06-05 23:00:12.694 +0100
13.0,66,61.0,5.6,0.0,100,15.1,3,2026-06-05 23:20:06.559 +0100
12.6,67,65.0,6.2,0.0,100,15.1,3,2026-06-05 23:40:05.672 +0100
12.1,68,71.0,7.0,0.1,100,14.8,51,2026-06-06 00:20:05.638 +0100
11.7,69,77.0,7.8,0.1,100,13.7,51,2026-06-06 00:40:05.778 +0100
11.0,70,85.0,8.6,0.2,100,14.4,53,2026-06-06 01:20:05.643 +0100
10.8,71,87.0,8.7,0.2,100,14.4,53,2026-06-06 01:40:05.986 +0100
10.5,72,90.0,8.9,0.2,100,15.5,53,2026-06-06 02:00:11.142 +0100
10.4,73,91.0,9.0,0.1,100,15.8,51,2026-06-06 02:20:06.259 +0100
10.4,74,91.0,9.0,0.1,100,16.6,51,2026-06-06 02:40:05.883 +0100
10.6,75,88.0,8.7,0.1,100,16.9,51,2026-06-06 03:20:05.853 +0100
10.6,76,89.0,8.9,0.1,100,16.6,51,2026-06-06 03:40:06.094 +0100
10.6,77,91.0,9.2,0.3,100,17.3,55,2026-06-06 04:20:05.752 +0100
10.7,78,91.0,9.3,0.3,100,16.9,55,2026-06-06 04:40:05.789 +0100
10.7,79,93.0,9.7,0.2,100,17.6,53,2026-06-06 05:40:06.200 +0100
10.8,80,93.0,9.7,0.2,100,18.7,53,2026-06-06 06:20:05.964 +0100
10.7,81,92.0,9.4,0.3,100,19.1,55,2026-06-06 06:40:06.921 +0100
10.5,82,92.0,9.3,0.3,100,20.2,55,2026-06-06 07:20:06.276 +0100
10.4,83,93.0,9.4,0.4,100,19.4,61,2026-06-06 07:40:06.310 +0100
10.6,84,94.0,9.7,0.1,100,19.4,51,2026-06-06 08:20:05.868 +0100
10.7,85,93.0,9.7,0.1,100,19.8,51,2026-06-06 08:40:06.006 +0100
11.2,86,92.0,10.0,0.1,100,22.0,51,2026-06-06 09:00:12.697 +0100
11.4,87,92.0,10.2,0.1,100,21.6,51,2026-06-06 09:20:05.874 +0100
11.7,88,91.0,10.3,0.1,100,21.2,51,2026-06-06 09:40:06.112 +0100
12.4,89,91.0,11.0,0.1,100,17.6,51,2026-06-06 10:20:05.977 +0100
12.6,90,88.0,10.7,0.1,100,19.1,51,2026-06-06 10:40:05.909 +0100
12.8,91,89.0,11.1,0.2,100,16.6,53,2026-06-06 11:20:06.289 +0100
13.2,92,87.0,11.1,0.1,98,15.5,51,2026-06-06 11:40:06.939 +0100
13.3,93,86.0,11.0,0.0,100,18.0,3,2026-06-06 12:20:05.986 +0100
13.6,94,84.0,11.0,0.1,100,13.7,51,2026-06-06 12:40:06.329 +0100
13.8,95,85.0,11.4,0.0,100,11.9,3,2026-06-06 13:20:06.193 +0100
13.7,96,88.0,11.8,0.1,99,14.0,51,2026-06-06 13:40:05.920 +0100
14.1,97,86.0,11.8,0.1,100,12.6,51,2026-06-06 14:20:05.884 +0100
14.3,98,86.0,12.0,0.1,100,12.6,51,2026-06-06 14:40:06.742 +0100
14.5,99,88.0,12.5,0.1,100,11.2,51,2026-06-06 15:20:06.384 +0100
13.8,100,93.0,12.7,0.5,100,9.4,61,2026-06-06 15:40:05.716 +0100
14.1,101,92.0,12.9,0.0,100,6.5,3,2026-06-06 16:20:06.101 +0100
14.2,102,91.0,12.8,0.0,100,4.7,3,2026-06-06 16:40:06.239 +0100
14.6,103,89.0,12.8,0.0,100,2.9,3,2026-06-06 17:00:12.759 +0100
14.7,104,88.0,12.8,0.0,100,4.0,3,2026-06-06 17:20:05.897 +0100
14.9,105,87.0,12.8,0.0,99,6.1,3,2026-06-06 17:40:06.035 +0100
15.5,106,84.0,12.8,0.0,100,10.1,3,2026-06-06 18:00:13.136 +0100
15.6,107,84.0,12.9,0.1,100,11.5,51,2026-06-06 18:20:06.105 +0100
15.8,108,81.0,12.6,0.0,95,13.7,3,2026-06-06 18:40:06.549 +0100
15.9,109,78.0,12.1,0.0,95,17.3,3,2026-06-06 19:20:06.621 +0100
15.7,110,82.0,12.6,0.0,97,18.7,3,2026-06-06 19:40:06.342 +0100
15.0,111,85.0,12.5,0.0,97,21.2,3,2026-06-06 20:20:06.621 +0100
15.1,112,84.0,12.5,0.0,100,20.2,3,2026-06-06 20:40:06.249 +0100
14.9,113,82.0,11.8,0.1,100,19.4,51,2026-06-06 21:00:12.222 +0100
14.7,114,82.0,11.7,0.0,92,18.7,3,2026-06-06 21:20:05.906 +0100
14.6,115,81.0,11.4,0.0,81,17.6,3,2026-06-06 21:40:06.145 +0100
14.4,116,81.0,11.2,0.0,66,17.3,2,2026-06-06 22:00:12.226 +0100
14.4,117,82.0,11.4,0.0,98,18.4,3,2026-06-06 22:20:05.607 +0100
14.3,118,82.0,11.3,0.0,99,20.2,3,2026-06-06 22:40:05.950 +0100
14.0,119,82.0,11.0,0.0,98,22.7,3,2026-06-06 23:00:11.923 +0100
13.9,120,81.0,10.7,0.0,98,23.0,3,2026-06-06 23:20:06.222 +0100
13.8,121,80.0,10.4,0.0,97,23.0,3,2026-06-06 23:40:05.541 +0100
13.4,122,77.0,9.4,0.0,88,22.0,3,2026-06-07 00:20:05.404 +0100
13.4,123,74.0,8.9,0.0,83,20.9,3,2026-06-07 00:40:05.849 +0100
12.9,124,73.0,8.2,0.0,51,19.1,2,2026-06-07 01:20:05.846 +0100
12.6,125,76.0,8.5,0.0,54,18.7,2,2026-06-07 01:40:05.956 +0100
12.1,126,77.0,8.2,0.0,25,15.8,1,2026-06-07 02:00:11.928 +0100
12.0,127,77.0,8.1,0.0,25,16.2,1,2026-06-07 02:20:05.615 +0100
11.8,128,78.0,8.1,0.0,40,16.6,1,2026-06-07 02:40:05.957 +0100
11.5,129,78.0,7.8,0.0,66,17.6,2,2026-06-07 03:00:12.443 +0100
11.4,130,78.0,7.7,0.0,63,17.3,2,2026-06-07 03:20:05.926 +0100
11.3,131,79.0,7.8,0.0,54,16.9,2,2026-06-07 03:40:06.065 +0100
11.3,132,79.0,7.8,0.0,63,15.8,2,2026-06-07 04:00:13.881 +0100
11.3,133,80.0,8.0,0.0,55,15.5,2,2026-06-07 04:20:05.827 +0100
11.4,134,80.0,8.1,0.0,64,15.1,2,2026-06-07 04:40:06.170 +0100
11.7,135,82.0,8.7,0.0,74,14.4,2,2026-06-07 05:20:05.505 +0100
11.7,136,83.0,8.9,0.0,78,14.4,2,2026-06-07 05:40:06.141 +0100
11.7,137,83.0,8.9,0.0,91,13.3,3,2026-06-07 06:00:13.431 +0100
11.8,138,83.0,9.0,0.0,95,12.6,3,2026-06-07 06:20:05.776 +0100
12.0,139,83.0,9.2,0.0,96,12.6,3,2026-06-07 06:40:06.005 +0100
12.4,140,84.0,9.8,0.0,100,12.6,3,2026-06-07 07:20:05.649 +0100
12.6,141,84.0,10.0,0.0,99,13.0,3,2026-06-07 07:40:05.805 +0100
13.2,142,83.0,10.4,0.0,100,15.8,3,2026-06-07 08:20:05.738 +0100
13.4,143,82.0,10.4,0.0,100,16.2,3,2026-06-07 08:40:05.758 +0100
13.9,144,80.0,10.5,0.0,100,17.3,3,2026-06-07 09:20:06.143 +0100
14.1,145,78.0,10.4,0.0,100,17.3,3,2026-06-07 09:40:06.188 +0100
14.5,146,76.0,10.4,0.1,100,18.0,51,2026-06-07 10:20:05.938 +0100
15.1,147,74.0,10.5,0.1,100,19.1,51,2026-06-07 10:40:05.880 +0100
15.3,148,73.0,10.5,0.0,100,20.5,3,2026-06-07 11:20:05.748 +0100
15.4,149,75.0,11.0,0.0,100,21.2,3,2026-06-07 11:40:05.778 +0100
15.6,150,70.0,10.1,0.0,99,21.2,3,2026-06-07 12:20:05.750 +0100
15.7,151,72.0,10.7,0.0,100,22.0,3,2026-06-07 12:40:06.196 +0100
16.0,152,68.0,10.1,0.0,100,23.0,3,2026-06-07 13:00:12.480 +0100
16.1,153,67.0,10.0,0.0,100,23.4,3,2026-06-07 13:20:05.754 +0100
16.2,154,67.0,10.1,0.0,99,23.8,3,2026-06-07 13:40:05.891 +0100
16.7,155,64.0,9.8,0.0,100,22.3,3,2026-06-07 14:20:05.755 +0100
17.0,156,63.0,9.9,0.0,100,21.6,3,2026-06-07 14:40:06.303 +0100
17.4,157,61.0,9.8,0.0,100,20.9,3,2026-06-07 15:00:13.093 +0100
17.5,158,59.0,9.4,0.0,100,21.6,3,2026-06-07 15:20:06.265 +0100
17.7,159,59.0,9.6,0.0,100,22.0,3,2026-06-07 15:40:06.409 +0100
17.4,160,62.0,10.0,0.0,100,20.9,3,2026-06-07 16:00:11.769 +0100
17.3,161,62.0,10.0,0.0,100,20.5,3,2026-06-07 16:20:05.755 +0100
18.3,162,56.0,9.4,0.0,100,20.9,3,2026-06-07 16:40:06.300 +0100
18.0,163,58.0,9.7,0.0,100,20.2,3,2026-06-07 17:00:11.965 +0100
17.8,164,60.0,9.9,0.1,100,19.8,51,2026-06-07 17:20:06.253 +0100
18.2,165,57.0,9.5,0.0,100,19.1,3,2026-06-07 17:40:06.281 +0100
17.7,166,61.0,10.1,0.0,100,17.6,3,2026-06-07 18:00:11.160 +0100
17.2,167,66.0,10.8,0.1,100,18.0,51,2026-06-07 18:20:06.181 +0100
16.8,168,68.0,10.9,0.1,100,18.4,51,2026-06-07 18:40:06.111 +0100
16.0,169,75.0,11.6,0.1,100,18.4,51,2026-06-07 19:00:12.288 +0100
15.6,170,79.0,12.0,0.2,100,17.3,53,2026-06-07 19:20:06.179 +0100
15.6,171,80.0,12.2,0.2,100,15.5,53,2026-06-07 19:40:05.826 +0100
14.2,172,90.0,12.6,0.4,100,13.3,61,2026-06-07 20:20:05.981 +0100
13.8,173,90.0,12.2,0.4,100,13.0,61,2026-06-07 20:40:05.709 +0100
13.6,174,94.0,12.6,0.1,100,12.2,51,2026-06-07 21:20:05.980 +0100
13.5,175,93.0,12.4,0.1,100,12.6,51,2026-06-07 21:40:06.017 +0100
13.3,176,92.0,12.1,0.1,100,13.3,51,2026-06-07 22:00:12.605 +0100
13.5,177,94.0,12.6,0.0,100,13.3,3,2026-06-07 22:20:05.676 +0100
13.3,178,93.0,12.2,0.1,100,16.6,51,2026-06-07 22:40:05.915 +0100
12.9,179,92.0,11.7,0.1,100,19.4,51,2026-06-07 23:20:06.088 +0100
12.8,180,92.0,11.6,0.1,100,19.8,51,2026-06-07 23:40:05.508 +0100
12.7,181,92.0,11.5,0.1,100,19.8,51,2026-06-08 00:00:12.713 +0100
12.6,182,92.0,11.4,0.0,100,19.4,3,2026-06-08 00:20:05.781 +0100
12.7,183,90.0,11.1,0.0,100,18.4,3,2026-06-08 00:40:06.227 +0100
12.6,184,89.0,10.9,0.0,100,19.4,3,2026-06-08 01:00:11.895 +0100
12.6,185,89.0,10.9,0.0,100,19.8,3,2026-06-08 01:20:05.992 +0100
12.7,186,90.0,11.1,0.0,100,19.4,3,2026-06-08 01:40:05.721 +0100
12.7,187,91.0,11.3,0.1,100,18.7,51,2026-06-08 02:20:05.890 +0100
12.7,188,91.0,11.3,0.1,100,18.0,51,2026-06-08 02:40:06.131 +0100
12.6,189,93.0,11.5,0.1,100,17.3,51,2026-06-08 03:00:12.003 +0100
12.5,190,92.0,11.2,0.2,100,17.3,53,2026-06-08 03:20:06.407 +0100
12.1,191,94.0,11.2,0.2,100,17.3,53,2026-06-08 03:40:06.136 +0100
12.1,192,94.0,11.2,0.0,100,17.3,3,2026-06-08 04:20:05.797 +0100
12.1,193,94.0,11.2,0.1,100,17.3,51,2026-06-08 04:40:06.038 +0100
12.1,194,94.0,11.2,0.1,100,16.9,51,2026-06-08 05:00:14.162 +0100
12.1,195,94.0,11.2,0.3,100,16.6,55,2026-06-08 05:20:06.210 +0100
12.0,196,95.0,11.3,0.2,100,16.2,53,2026-06-08 05:40:06.040 +0100
12.2,197,94.0,11.3,0.6,100,16.9,61,2026-06-08 06:20:06.315 +0100
12.2,198,94.0,11.3,0.7,100,15.5,63,2026-06-08 06:40:06.453 +0100
12.2,199,91.0,10.8,0.4,100,16.9,61,2026-06-08 07:20:06.525 +0100
12.2,200,93.0,11.1,0.4,100,17.6,61,2026-06-08 07:40:06.250 +0100
12.2,201,92.0,11.0,0.4,100,16.2,61,2026-06-08 08:00:12.428 +0100
12.2,202,92.0,11.0,0.4,100,16.6,61,2026-06-08 08:20:05.807 +0100
12.3,203,93.0,11.2,0.4,100,17.3,61,2026-06-08 08:40:06.043 +0100
12.6,204,93.0,11.5,0.3,100,13.7,55,2026-06-08 09:20:06.519 +0100
12.6,205,91.0,11.2,0.3,100,13.0,55,2026-06-08 09:40:06.660 +0100
12.2,206,85.0,9.8,0.0,100,14.0,3,2026-06-08 10:20:06.843 +0100
12.2,207,84.0,9.6,0.0,100,13.7,3,2026-06-08 10:40:06.982 +0100
12.2,208,80.0,8.9,0.0,100,12.6,3,2026-06-08 11:20:06.845 +0100
12.3,209,78.0,8.6,0.0,100,12.6,3,2026-06-08 11:40:06.570 +0100
13.0,210,67.0,7.1,0.0,95,12.6,3,2026-06-08 12:20:06.131 +0100
14.0,211,60.0,6.4,0.0,94,13.0,3,2026-06-08 12:40:06.577 +0100
14.2,212,58.0,6.1,0.1,98,11.9,51,2026-06-08 13:20:06.133 +0100
14.0,213,62.0,6.9,0.1,96,11.9,51,2026-06-08 13:40:06.270 +0100
13.6,214,68.0,7.8,0.0,92,15.5,3,2026-06-08 14:20:06.137 +0100
14.1,215,65.0,7.6,0.0,80,13.0,3,2026-06-08 14:40:06.173 +0100
15.1,216,55.0,6.1,0.0,81,9.4,3,2026-06-08 15:00:13.147 +0100
15.3,217,52.0,5.5,0.0,79,11.2,2,2026-06-08 15:20:06.104 +0100
15.6,218,48.0,4.7,0.0,78,13.3,2,2026-06-08 15:40:06.123 +0100
16.2,219,42.0,3.3,0.0,73,17.6,2,2026-06-08 16:00:12.742 +0100
16.2,220,41.0,2.9,0.0,73,17.6,2,2026-06-08 16:20:06.046 +0100
16.4,221,41.0,3.1,0.0,57,18.4,2,2026-06-08 16:40:06.179 +0100
16.3,222,40.0,2.7,0.0,61,17.6,2,2026-06-08 17:00:13.076 +0100
16.2,223,40.0,2.6,0.0,66,17.3,2,2026-06-08 17:20:05.941 +0100
16.2,224,39.0,2.2,0.0,74,16.9,2,2026-06-08 17:40:06.591 +0100
16.1,225,38.0,1.8,0.0,77,17.3,2,2026-06-08 18:20:06.046 +0100
15.9,226,39.0,1.9,0.0,62,18.4,2,2026-06-08 18:40:06.082 +0100
15.6,227,39.0,1.7,0.0,36,18.4,1,2026-06-08 19:00:12.158 +0100
15.3,228,40.0,1.8,0.0,26,18.7,1,2026-06-08 19:20:05.842 +0100
15.1,229,41.0,1.9,0.0,25,19.1,1,2026-06-08 19:40:06.281 +0100
14.4,230,45.0,2.6,0.0,2,19.1,0,2026-06-08 20:00:12.686 +0100
14.1,231,47.0,2.9,0.0,0,18.7,0,2026-06-08 20:20:05.951 +0100
13.8,232,50.0,3.5,0.0,0,18.4,0,2026-06-08 20:40:06.090 +0100
13.1,233,54.0,4.0,0.0,0,17.6,0,2026-06-08 21:20:06.143 +0100
12.8,234,55.0,4.0,0.0,0,17.6,0,2026-06-08 21:40:06.080 +0100
12.4,235,58.0,4.4,0.0,0,17.3,0,2026-06-08 22:00:12.164 +0100
12.4,236,61.0,5.1,0.0,0,16.6,0,2026-06-08 22:20:06.161 +0100
12.1,237,61.0,4.8,0.0,28,16.2,1,2026-06-08 22:40:06.095 +0100
11.8,238,64.0,5.2,0.0,18,16.2,0,2026-06-08 23:00:12.069 +0100
11.7,239,65.0,5.3,0.0,13,15.8,0,2026-06-08 23:20:06.165 +0100
11.5,240,67.0,5.6,0.0,8,15.1,0,2026-06-08 23:40:05.891 +0100
11.1,241,70.0,5.9,0.0,4,13.0,0,2026-06-09 00:20:05.858 +0100
11.0,242,70.0,5.7,0.0,2,11.2,0,2026-06-09 00:40:05.792 +0100
10.5,243,73.0,5.9,0.0,0,13.3,0,2026-06-09 01:20:05.759 +0100
10.1,244,74.0,5.7,0.0,52,14.0,2,2026-06-09 01:40:06.443 +0100
9.9,245,76.0,5.9,0.0,3,13.3,0,2026-06-09 02:00:12.179 +0100
9.9,246,76.0,5.9,0.0,14,13.0,0,2026-06-09 02:20:06.070 +0100
9.9,247,77.0,6.0,0.0,40,12.2,1,2026-06-09 02:40:05.795 +0100
9.6,248,80.0,6.4,0.0,67,12.6,2,2026-06-09 03:20:06.175 +0100
9.3,249,80.0,6.1,0.0,35,12.2,1,2026-06-09 03:40:06.209 +0100
9.3,250,81.0,6.2,0.0,45,14.4,1,2026-06-09 04:20:06.178 +0100
9.4,251,82.0,6.5,0.0,56,14.4,2,2026-06-09 04:40:06.726 +0100
9.7,252,82.0,6.8,0.0,100,15.5,3,2026-06-09 05:20:06.590 +0100
9.3,253,83.0,6.6,0.0,100,15.5,3,2026-06-09 05:40:06.317 +0100
9.7,254,83.0,6.9,0.0,100,14.0,3,2026-06-09 06:20:06.080 +0100
9.7,255,84.0,7.2,0.0,100,14.8,3,2026-06-09 06:40:06.456 +0100
9.8,256,89.0,8.1,0.0,92,14.0,3,2026-06-09 07:20:06.284 +0100
9.7,257,90.0,8.1,0.0,80,15.1,3,2026-06-09 07:40:07.240 +0100
10.4,258,85.0,8.0,0.0,62,16.2,2,2026-06-09 08:20:06.471 +0100
10.6,259,86.0,8.3,0.0,94,16.2,3,2026-06-09 08:40:06.497 +0100
11.4,260,77.0,7.5,0.0,83,14.0,3,2026-06-09 09:20:06.296 +0100
11.8,261,70.0,6.5,0.0,78,15.1,2,2026-06-09 09:40:06.127 +0100
12.5,262,58.0,4.5,0.0,44,17.6,1,2026-06-09 10:00:13.534 +0100
12.9,263,55.0,4.1,0.0,49,17.6,1,2026-06-09 10:20:05.991 +0100
13.1,264,53.0,3.8,0.0,53,17.6,2,2026-06-09 10:40:06.228 +0100
13.6,265,52.0,3.9,0.0,82,16.9,3,2026-06-09 11:20:07.529 +0100
13.5,266,53.0,4.1,0.0,92,20.2,3,2026-06-09 11:40:06.439 +0100
13.8,267,54.0,4.6,0.0,98,19.4,3,2026-06-09 12:20:06.304 +0100
13.9,268,55.0,5.0,0.0,100,20.5,3,2026-06-09 12:40:06.744 +0100
14.5,269,53.0,5.0,0.0,89,20.5,3,2026-06-09 13:20:06.185 +0100
15.3,270,48.0,4.4,0.0,44,19.8,1,2026-06-09 13:40:06.222 +0100
16.1,271,43.0,3.5,0.0,41,23.0,1,2026-06-09 14:20:06.186 +0100
16.2,272,42.0,3.3,0.0,43,23.0,1,2026-06-09 14:40:06.296 +0100
16.4,273,41.0,3.1,0.0,44,22.3,1,2026-06-09 15:20:06.440 +0100
16.1,274,43.0,3.5,0.0,70,20.9,2,2026-06-09 15:40:06.155 +0100
16.0,275,45.0,4.1,0.0,71,20.9,2,2026-06-09 16:00:13.776 +0100
15.9,276,45.0,4.0,0.0,78,21.2,2,2026-06-09 16:20:06.100 +0100
16.3,277,45.0,4.4,0.0,93,19.4,3,2026-06-09 16:40:06.480 +0100
16.0,278,44.0,3.8,0.0,100,20.9,3,2026-06-09 17:20:06.197 +0100
15.7,279,44.0,3.5,0.0,100,22.0,3,2026-06-09 17:40:06.133 +0100
15.2,280,47.0,4.0,0.0,77,22.0,2,2026-06-09 18:20:06.536 +0100
15.0,281,48.0,4.1,0.0,59,20.9,2,2026-06-09 18:40:06.078 +0100
15.0,282,48.0,4.1,0.0,66,18.7,2,2026-06-09 19:00:13.077 +0100
14.6,283,50.0,4.3,0.0,64,18.4,2,2026-06-09 19:20:05.960 +0100
14.6,284,49.0,4.0,0.0,52,20.9,2,2026-06-09 19:40:06.408 +0100
14.2,285,50.0,3.9,0.0,45,21.2,1,2026-06-09 20:00:12.279 +0100
14.0,286,52.0,4.3,0.0,41,20.5,1,2026-06-09 20:20:06.618 +0100
13.7,287,54.0,4.6,0.0,29,19.4,1,2026-06-09 20:40:06.139 +0100
13.6,288,57.0,5.3,0.0,44,16.2,1,2026-06-09 21:00:12.588 +0100
13.3,289,58.0,5.2,0.0,41,16.6,1,2026-06-09 21:20:05.856 +0100
12.9,290,59.0,5.1,0.0,33,17.6,1,2026-06-09 21:40:06.297 +0100
12.0,291,62.0,4.9,0.0,37,18.7,1,2026-06-09 22:20:05.989 +0100
12.2,292,59.0,4.5,0.0,74,18.4,2,2026-06-09 22:40:06.220 +0100
11.7,293,62.0,4.7,0.0,100,14.8,3,2026-06-09 23:20:06.010 +0100
11.5,294,66.0,5.4,0.0,98,14.0,3,2026-06-09 23:40:05.754 +0100
11.1,295,71.0,6.1,0.0,100,14.0,3,2026-06-10 00:20:06.070 +0100
11.1,296,71.0,6.1,0.0,99,14.0,3,2026-06-10 00:40:05.707 +0100
11.0,297,72.0,6.1,0.0,94,13.7,3,2026-06-10 01:20:06.005 +0100
10.8,298,73.0,6.2,0.0,99,14.0,3,2026-06-10 01:40:05.923 +0100
10.5,299,75.0,6.3,0.0,94,12.6,3,2026-06-10 02:20:05.982 +0100
10.4,300,76.0,6.4,0.0,93,12.2,3,2026-06-10 02:40:06.173 +0100
10.2,301,77.0,6.4,0.0,88,11.9,3,2026-06-10 03:00:12.731 +0100
10.2,302,77.0,6.3,0.0,82,11.5,3,2026-06-10 03:20:06.275 +0100
9.9,303,80.0,6.6,0.0,93,11.5,3,2026-06-10 03:40:06.743 +0100
9.8,304,82.0,6.9,0.0,100,11.9,3,2026-06-10 04:20:06.510 +0100
9.7,305,82.0,6.8,0.0,100,11.9,3,2026-06-10 04:40:06.037 +0100
9.6,306,83.0,6.8,0.0,100,12.2,3,2026-06-10 05:20:06.326 +0100
9.3,307,86.0,7.1,0.1,100,13.3,51,2026-06-10 05:40:06.983 +0100
9.3,308,88.0,7.5,0.1,100,13.7,51,2026-06-10 06:00:13.575 +0100
9.3,309,89.0,7.6,0.3,100,13.3,55,2026-06-10 06:20:05.934 +0100
9.2,310,90.0,7.7,0.3,100,12.2,55,2026-06-10 06:40:06.282 +0100
9.3,311,90.0,7.7,0.1,100,11.2,51,2026-06-10 07:20:06.604 +0100
9.3,312,93.0,8.3,0.1,100,10.4,51,2026-06-10 07:40:06.623 +0100
9.8,313,90.0,8.2,0.0,96,9.0,3,2026-06-10 08:20:07.076 +0100
10.0,314,88.0,8.1,0.0,76,8.3,2,2026-06-10 08:40:06.107 +0100
11.3,315,80.0,8.0,0.0,63,9.0,2,2026-06-10 09:00:12.894 +0100
11.6,316,78.0,7.9,0.0,68,9.4,2,2026-06-10 09:20:06.280 +0100
11.8,317,77.0,7.9,0.0,79,9.7,2,2026-06-10 09:40:06.298 +0100
12.3,318,65.0,5.9,0.0,87,9.0,3,2026-06-10 10:20:05.956 +0100
11.6,319,76.0,7.5,0.0,100,9.0,3,2026-06-10 10:40:06.503 +0100
12.0,320,72.0,7.1,0.1,100,11.2,51,2026-06-10 11:20:07.084 +0100
12.4,321,69.0,6.9,0.1,100,13.0,51,2026-06-10 11:40:06.096 +0100
13.5,322,61.0,6.1,0.4,100,10.1,61,2026-06-10 12:20:06.158 +0100
11.7,323,83.0,8.9,0.4,100,13.7,61,2026-06-10 12:40:06.801 +0100
11.4,324,82.0,8.4,0.3,100,15.1,55,2026-06-10 13:20:06.227 +0100
12.4,325,77.0,8.5,0.0,98,13.3,3,2026-06-10 13:40:06.304 +0100
13.4,326,69.0,7.8,0.0,99,9.4,3,2026-06-10 14:00:14.127 +0100
13.8,327,65.0,7.4,0.0,96,10.1,3,2026-06-10 14:20:06.174 +0100
14.3,328,60.0,6.7,0.0,91,10.4,3,2026-06-10 14:40:06.106 +0100
15.2,329,52.0,5.4,0.0,82,11.9,3,2026-06-10 15:00:13.308 +0100
14.0,330,60.0,6.3,0.0,98,12.6,3,2026-06-10 15:20:06.688 +0100
13.7,331,71.0,8.6,0.1,99,4.0,51,2026-06-10 15:40:06.518 +0100
14.9,332,59.0,6.9,0.0,95,11.2,3,2026-06-10 16:20:06.175 +0100
14.1,333,61.0,6.7,0.0,99,11.2,3,2026-06-10 16:40:05.900 +0100
14.5,334,54.0,5.3,0.0,97,15.1,3,2026-06-10 17:20:05.872 +0100
14.1,335,61.0,6.7,0.0,97,12.6,3,2026-06-10 17:40:06.215 +0100
13.4,336,70.0,8.1,0.0,95,8.3,3,2026-06-10 18:00:12.393 +0100
13.4,337,68.0,7.7,0.0,91,8.3,3,2026-06-10 18:20:05.976 +0100
13.6,338,64.0,7.0,0.0,84,9.4,3,2026-06-10 18:40:06.218 +0100
13.8,339,57.0,5.4,0.0,61,13.7,2,2026-06-10 19:20:05.878 +0100
13.6,340,60.0,6.0,0.0,51,15.1,2,2026-06-10 19:40:06.221 +0100
13.2,341,66.0,7.0,0.0,38,16.9,1,2026-06-10 20:00:13.016 +0100
13.0,342,67.0,7.1,0.0,42,16.9,1,2026-06-10 20:20:05.719 +0100
12.9,343,67.0,7.0,0.0,52,16.2,2,2026-06-10 20:40:06.121 +0100
12.7,344,67.0,6.8,0.0,69,14.4,2,2026-06-10 21:00:12.504 +0100
12.7,345,68.0,6.9,0.0,68,14.0,2,2026-06-10 21:20:06.293 +0100
12.6,346,68.0,6.9,0.0,64,13.7,2,2026-06-10 21:40:05.714 +0100
12.3,347,67.0,6.3,0.0,0,12.6,0,2026-06-10 22:20:06.211 +0100
12.1,348,69.0,6.6,0.0,0,12.2,0,2026-06-10 22:40:05.916 +0100
11.4,349,74.0,6.9,0.0,0,11.9,0,2026-06-10 23:20:06.915 +0100
11.3,350,75.0,7.0,0.0,0,12.2,0,2026-06-10 23:40:05.926 +0100
10.9,351,77.0,7.1,0.0,6,11.2,0,2026-06-11 00:20:06.098 +0100
10.8,352,77.0,7.0,0.0,15,10.1,0,2026-06-11 00:40:05.537 +0100
10.6,353,78.0,7.0,0.0,37,8.6,1,2026-06-11 01:00:12.516 +0100
10.9,354,77.0,7.0,0.0,47,10.8,1,2026-06-11 01:20:05.588 +0100
10.8,355,78.0,7.1,0.0,62,11.2,2,2026-06-11 01:40:06.134 +0100
10.7,356,80.0,7.4,0.0,94,12.2,3,2026-06-11 02:20:06.205 +0100
10.8,357,80.0,7.5,0.0,97,11.9,3,2026-06-11 02:40:05.933 +0100
10.9,358,79.0,7.4,0.0,100,10.8,3,2026-06-11 03:20:05.798 +0100
10.9,359,79.0,7.4,0.0,100,10.4,3,2026-06-11 03:40:05.719 +0100
10.7,360,80.0,7.4,0.0,100,10.4,3,2026-06-11 04:20:06.005 +0100
10.6,361,81.0,7.5,0.0,100,11.5,3,2026-06-11 04:40:06.450 +0100
10.6,362,81.0,7.5,0.0,100,13.0,3,2026-06-11 05:20:05.906 +0100
10.6,363,81.0,7.5,0.0,100,12.6,3,2026-06-11 05:40:06.556 +0100
10.7,364,81.0,7.6,0.0,100,12.2,3,2026-06-11 06:20:06.728 +0100
10.8,365,80.0,7.5,0.0,100,12.2,3,2026-06-11 06:40:05.943 +0100
10.9,366,81.0,7.8,0.1,100,13.0,51,2026-06-11 07:20:06.629 +0100
10.9,367,82.0,8.0,0.1,100,13.0,51,2026-06-11 07:40:06.151 +0100
10.9,368,85.0,8.5,0.2,100,14.0,53,2026-06-11 08:20:07.128 +0100
11.1,369,94.0,10.2,0.7,100,15.8,63,2026-06-11 09:40:24.083 +0100
10.9,370,94.0,10.0,0.7,100,14.8,63,2026-06-11 10:00:23.000 +0100
11.0,371,95.0,10.3,0.7,100,15.8,63,2026-06-11 10:40:21.830 +0100
11.2,372,95.0,10.4,0.6,100,17.6,61,2026-06-11 11:20:48.110 +0100
11.1,373,94.0,10.2,0.6,100,20.9,61,2026-06-11 12:00:04.454 +0100
11.1,374,94.0,10.2,0.4,100,20.5,61,2026-06-11 12:20:05.516 +0100
11.2,375,94.0,10.3,0.4,100,19.4,61,2026-06-11 12:40:16.714 +0100
11.4,376,94.0,10.5,0.4,100,18.0,61,2026-06-11 13:00:05.996 +0100
11.6,377,94.0,10.7,0.1,100,18.4,51,2026-06-11 13:20:03.063 +0100
11.9,378,94.0,11.0,0.1,100,19.1,51,2026-06-11 13:40:03.404 +0100
12.5,379,94.0,11.6,0.1,100,20.2,51,2026-06-11 14:00:04.361 +0100
12.9,380,94.0,12.0,0.1,100,19.8,51,2026-06-11 14:20:03.680 +0100
13.4,381,94.0,12.4,0.1,100,19.1,51,2026-06-11 14:40:04.251 +0100
14.2,382,93.0,13.1,0.1,100,17.3,51,2026-06-11 15:00:04.873 +0100
14.4,383,93.0,13.3,0.2,100,16.6,53,2026-06-11 15:20:04.191 +0100
14.6,384,93.0,13.5,0.2,100,15.8,53,2026-06-11 15:40:03.305 +0100
14.9,385,93.0,13.8,0.2,100,14.4,53,2026-06-11 16:00:04.878 +0100
15.0,386,93.0,13.9,0.0,100,13.7,3,2026-06-11 16:20:04.402 +0100
15.1,387,93.0,14.0,0.0,100,13.3,3,2026-06-11 16:40:03.821 +0100
15.2,388,92.0,13.9,0.0,100,12.6,3,2026-06-11 17:00:05.802 +0100
15.4,389,91.0,14.0,0.0,100,12.6,3,2026-06-11 17:20:04.632 +0100
15.7,390,90.0,14.1,0.0,100,13.0,3,2026-06-11 17:40:04.156 +0100
16.2,391,87.0,14.0,0.0,100,14.0,3,2026-06-11 18:00:04.374 +0100
16.2,392,86.0,13.9,0.0,100,14.8,3,2026-06-11 18:20:03.691 +0100
16.2,393,85.0,13.7,0.0,100,15.8,3,2026-06-11 18:40:04.442 +0100
16.1,394,84.0,13.4,0.0,100,17.6,3,2026-06-11 19:00:04.273 +0100
16.1,395,84.0,13.4,0.0,100,18.4,3,2026-06-11 19:20:03.694 +0100
16.0,396,84.0,13.3,0.0,100,19.1,3,2026-06-11 19:40:04.037 +0100
16.0,397,85.0,13.5,0.0,100,19.4,3,2026-06-11 20:00:04.277 +0100
15.9,398,85.0,13.4,0.0,100,18.7,3,2026-06-11 20:20:03.390 +0100
15.9,399,86.0,13.6,0.0,100,17.3,3,2026-06-11 20:40:03.626 +0100
15.8,400,86.0,13.5,0.0,100,15.1,3,2026-06-11 21:00:04.892 +0100
15.7,401,86.0,13.4,0.0,100,15.5,3,2026-06-11 21:20:04.314 +0100
15.7,402,87.0,13.5,0.0,100,16.2,3,2026-06-11 21:40:03.731 +0100
15.5,403,87.0,13.4,0.0,100,18.0,3,2026-06-11 22:00:05.000 +0100
15.5,404,87.0,13.3,0.0,84,18.0,3,2026-06-11 22:20:03.293 +0100
15.4,405,87.0,13.2,0.0,61,17.6,2,2026-06-11 22:40:03.430 +0100
15.2,406,87.0,13.1,0.0,80,16.6,3,2026-06-11 23:00:04.694 +0100
15.7,407,85.0,13.2,0.0,83,17.3,3,2026-06-11 23:20:04.114 +0100
15.7,408,85.0,13.2,0.0,100,16.9,3,2026-06-11 23:40:03.228 +0100
15.6,409,86.0,13.3,0.0,100,14.8,3,2026-06-12 00:00:05.210 +0100
15.5,410,87.0,13.3,0.0,100,14.8,3,2026-06-12 00:20:03.401 +0100
15.4,411,88.0,13.4,0.0,100,13.3,3,2026-06-12 00:40:04.379 +0100
15.2,412,89.0,13.4,0.0,100,13.3,3,2026-06-12 01:00:05.005 +0100
15.2,413,90.0,13.6,0.0,100,13.3,3,2026-06-12 01:20:02.889 +0100
15.0,414,90.0,13.4,0.0,100,13.3,3,2026-06-12 01:40:04.053 +0100
15.0,415,90.0,13.4,0.0,100,13.0,3,2026-06-12 02:00:03.781 +0100
15.0,416,90.0,13.4,0.0,100,13.0,3,2026-06-12 02:20:03.918 +0100
14.9,417,90.0,13.3,0.0,100,13.3,3,2026-06-12 02:40:04.056 +0100
14.9,418,90.0,13.3,0.0,100,13.7,3,2026-06-12 03:00:03.887 +0100
14.9,419,90.0,13.3,0.0,100,14.0,3,2026-06-12 03:20:04.025 +0100
14.7,420,92.0,13.4,0.0,100,14.0,3,2026-06-12 03:40:04.266 +0100
14.7,421,91.0,13.3,0.0,100,13.7,3,2026-06-12 04:00:05.630 +0100
14.8,422,90.0,13.2,0.0,100,13.7,3,2026-06-12 04:20:04.129 +0100
14.8,423,89.0,13.0,0.0,100,12.6,3,2026-06-12 04:40:03.142 +0100
14.7,424,89.0,12.9,0.0,100,12.6,3,2026-06-12 05:00:04.405 +0100
14.7,425,89.0,12.9,0.0,100,12.6,3,2026-06-12 05:20:04.234 +0100
14.6,426,89.0,12.8,0.0,100,16.2,3,2026-06-12 05:40:03.246 +0100
14.6,427,88.0,12.7,0.0,99,15.5,3,2026-06-12 06:00:05.124 +0100
14.6,428,87.0,12.5,0.0,99,15.1,3,2026-06-12 06:20:03.216 +0100
14.7,429,86.0,12.4,0.0,98,14.0,3,2026-06-12 06:40:03.252 +0100
14.9,430,85.0,12.4,0.0,96,15.1,3,2026-06-12 07:00:04.619 +0100
15.0,431,84.0,12.3,0.0,98,15.5,3,2026-06-12 07:20:03.730 +0100
15.1,432,83.0,12.3,0.0,98,15.5,3,2026-06-12 07:40:03.866 +0100
15.4,433,82.0,12.3,0.0,98,16.9,3,2026-06-12 08:00:05.114 +0100
15.4,434,82.0,12.4,0.0,99,16.9,3,2026-06-12 08:20:03.298 +0100
15.2,435,84.0,12.6,0.0,99,19.1,3,2026-06-12 08:40:03.533 +0100
15.1,436,86.0,12.8,0.0,100,19.4,3,2026-06-12 09:00:04.818 +0100
15.1,437,86.0,12.8,0.0,100,20.2,3,2026-06-12 09:20:04.053 +0100
15.2,438,86.0,12.9,0.0,100,21.2,3,2026-06-12 09:40:03.160 +0100
15.2,439,86.0,12.9,0.0,100,22.7,3,2026-06-12 10:00:04.323 +0100
15.5,440,84.0,12.8,0.0,97,23.0,3,2026-06-12 10:20:03.535 +0100
15.4,441,85.0,12.9,0.0,98,22.3,3,2026-06-12 10:40:04.389 +0100
15.3,442,87.0,13.1,0.0,100,21.2,3,2026-06-12 11:00:05.140 +0100
15.3,443,87.0,13.1,0.0,100,21.2,3,2026-06-12 11:20:03.228 +0100
15.4,444,87.0,13.2,0.0,100,20.2,3,2026-06-12 11:40:04.389 +0100
15.5,445,86.0,13.2,0.0,100,20.2,3,2026-06-12 12:00:04.630 +0100
15.5,446,86.0,13.2,0.0,99,19.4,3,2026-06-12 12:20:03.846 +0100
15.9,447,85.0,13.4,0.0,100,19.8,3,2026-06-12 12:40:03.987 +0100
16.4,448,83.0,13.5,0.0,100,18.7,3,2026-06-12 13:00:04.018 +0100
16.9,449,79.0,13.2,0.0,95,18.7,3,2026-06-12 13:20:03.231 +0100
17.0,450,78.0,13.2,0.0,87,17.6,3,2026-06-12 13:40:03.271 +0100
18.2,451,67.0,12.0,0.0,77,18.7,2,2026-06-12 14:00:04.434 +0100
18.6,452,63.0,11.5,0.0,77,19.4,2,2026-06-12 14:20:03.342 +0100
18.9,453,61.0,11.3,0.0,80,20.2,3,2026-06-12 14:40:03.581 +0100
19.4,454,56.0,10.4,0.0,80,21.6,3,2026-06-12 15:00:04.948 +0100
19.6,455,54.0,10.0,0.0,72,22.3,2,2026-06-12 15:20:03.037 +0100
20.1,456,53.0,10.3,0.0,57,23.0,2,2026-06-12 15:40:03.174 +0100
20.2,457,51.0,9.7,0.0,36,25.2,1,2026-06-12 16:00:05.360 +0100
20.2,458,51.0,9.7,0.0,31,25.6,1,2026-06-12 16:20:03.449 +0100
20.3,459,51.0,9.9,0.0,29,24.8,1,2026-06-12 16:40:04.304 +0100
20.2,460,51.0,9.7,0.0,32,24.8,1,2026-06-12 17:00:04.440 +0100
20.1,461,50.0,9.4,0.0,28,25.2,1,2026-06-12 17:20:03.450 +0100
20.1,462,48.0,8.8,0.0,11,26.3,0,2026-06-12 17:40:03.590 +0100
19.8,463,49.0,8.8,0.0,10,25.6,0,2026-06-12 18:00:04.343 +0100
19.6,464,49.0,8.6,0.0,8,25.9,0,2026-06-12 18:20:03.457 +0100
19.5,465,50.0,8.8,0.0,5,25.9,0,2026-06-12 18:40:03.594 +0100
19.0,466,52.0,9.0,0.0,2,26.3,0,2026-06-12 19:00:05.474 +0100
18.9,467,55.0,9.7,0.0,1,26.3,0,2026-06-12 19:20:03.663 +0100
18.8,468,56.0,9.8,0.0,27,20.9,1,2026-06-12 19:40:03.804 +0100
18.4,469,57.0,9.7,0.0,21,19.1,1,2026-06-12 20:00:04.963 +0100
18.1,470,57.0,9.5,0.0,17,18.7,0,2026-06-12 20:20:02.950 +0100
17.8,471,59.0,9.7,0.0,29,19.1,1,2026-06-12 20:40:02.985 +0100
17.2,472,61.0,9.7,0.0,1,18.4,0,2026-06-12 21:00:04.352 +0100
17.0,473,62.0,9.7,0.0,0,18.0,0,2026-06-12 21:20:03.567 +0100
16.8,474,64.0,9.9,0.0,0,17.6,0,2026-06-12 21:40:03.807 +0100
16.3,475,66.0,10.0,0.0,0,17.3,0,2026-06-12 22:00:04.863 +0100
16.1,476,67.0,10.0,0.0,0,16.9,0,2026-06-12 22:20:04.065 +0100
15.9,477,68.0,10.0,0.0,0,16.6,0,2026-06-12 22:40:03.070 +0100
15.4,478,70.0,10.0,0.0,1,15.8,0,2026-06-12 23:00:04.023 +0100
15.3,479,71.0,10.1,0.0,10,14.8,0,2026-06-12 23:20:03.369 +0100
15.1,480,71.0,9.9,0.0,25,16.2,1,2026-06-12 23:40:03.414 +0100
14.8,481,71.0,9.6,0.0,50,15.8,2,2026-06-13 00:00:04.572 +0100
14.6,482,71.0,9.4,0.0,52,15.8,2,2026-06-13 00:20:03.581 +0100
14.5,483,70.0,9.1,0.0,44,17.3,1,2026-06-13 00:40:03.615 +0100
14.2,484,70.0,8.8,0.0,44,18.0,1,2026-06-13 01:00:04.467 +0100
14.0,485,70.0,8.6,0.0,36,18.0,1,2026-06-13 01:20:03.476 +0100
13.8,486,69.0,8.2,0.0,21,19.1,1,2026-06-13 01:40:03.512 +0100
13.5,487,69.0,7.9,0.0,0,19.1,0,2026-06-13 02:00:04.264 +0100
13.3,488,69.0,7.8,0.0,0,18.4,0,2026-06-13 02:20:03.582 +0100
13.2,489,70.0,7.8,0.0,0,17.6,0,2026-06-13 02:40:03.618 +0100
12.7,490,71.0,7.6,0.0,0,15.8,0,2026-06-13 03:00:04.575 +0100
12.5,491,71.0,7.4,0.0,0,15.8,0,2026-06-13 03:20:03.586 +0100
12.4,492,70.0,7.1,0.0,0,16.6,0,2026-06-13 03:40:03.732 +0100
12.2,493,70.0,6.9,0.0,0,17.3,0,2026-06-13 04:00:06.011 +0100
12.1,494,70.0,6.8,0.0,12,16.6,0,2026-06-13 04:20:03.077 +0100
12.0,495,73.0,7.3,0.0,0,14.4,0,2026-06-13 04:40:03.009 +0100
11.7,496,75.0,7.5,0.0,0,14.0,0,2026-06-13 05:00:04.376 +0100
11.7,497,76.0,7.6,0.0,0,14.0,0,2026-06-13 05:20:04.309 +0100
11.6,498,76.0,7.5,0.0,0,14.4,0,2026-06-13 05:40:03.320 +0100
11.6,499,76.0,7.6,0.0,0,14.8,0,2026-06-13 06:00:05.609 +0100
11.7,500,76.0,7.6,0.0,0,15.1,0,2026-06-13 06:20:03.698 +0100
11.7,501,75.0,7.5,0.0,0,15.1,0,2026-06-13 06:40:03.938 +0100
12.1,502,73.0,7.4,0.0,0,15.8,0,2026-06-13 07:00:05.101 +0100
12.3,503,71.0,7.2,0.0,9,16.6,0,2026-06-13 07:20:03.188 +0100
12.6,504,69.0,7.1,0.0,33,17.3,1,2026-06-13 07:40:04.247 +0100
13.2,505,65.0,6.8,0.0,64,18.0,2,2026-06-13 08:00:05.409 +0100
13.4,506,63.0,6.5,0.0,64,18.4,2,2026-06-13 08:20:03.601 +0100
13.4,507,62.0,6.3,0.0,60,18.7,2,2026-06-13 08:40:03.732 +0100
13.7,508,60.0,6.1,0.0,67,19.4,2,2026-06-13 09:00:04.697 +0100
13.9,509,59.0,6.1,0.0,69,19.4,2,2026-06-13 09:20:03.912 +0100
14.1,510,57.0,5.7,0.0,70,19.1,2,2026-06-13 09:40:03.947 +0100
14.6,511,54.0,5.4,0.0,68,19.1,2,2026-06-13 10:00:05.005 +0100
14.8,512,53.0,5.3,0.0,63,19.4,2,2026-06-13 10:20:03.300 +0100
15.1,513,51.0,5.0,0.0,57,19.8,2,2026-06-13 10:40:03.437 +0100
15.6,514,49.0,4.9,0.0,38,20.5,1,2026-06-13 11:00:05.010 +0100
15.9,515,48.0,4.9,0.0,41,20.5,1,2026-06-13 11:20:03.296 +0100
16.2,516,47.0,4.9,0.0,45,20.5,1,2026-06-13 11:40:03.433 +0100
16.6,517,46.0,5.0,0.0,48,20.2,1,2026-06-13 12:00:04.908 +0100
16.7,518,46.0,5.1,0.0,56,19.4,2,2026-06-13 12:20:04.023 +0100
16.9,519,46.0,5.2,0.0,57,19.4,2,2026-06-13 12:40:03.035 +0100
16.9,520,48.0,5.9,0.0,48,19.1,1,2026-06-13 13:00:04.605 +0100
17.0,521,48.0,5.9,0.0,46,19.1,1,2026-06-13 13:20:03.615 +0100
17.6,522,46.0,5.8,0.0,51,19.4,2,2026-06-13 13:40:03.731 +0100
17.8,523,45.0,5.7,0.0,45,19.1,1,2026-06-13 14:00:05.221 +0100
18.0,524,44.0,5.6,0.0,48,18.7,1,2026-06-13 14:20:03.205 +0100
18.1,525,44.0,5.6,0.0,53,18.4,2,2026-06-13 14:40:04.267 +0100
18.3,526,43.0,5.5,0.0,63,17.6,2,2026-06-13 15:00:04.099 +0100
18.3,527,43.0,5.5,0.0,65,17.3,2,2026-06-13 15:20:03.101 +0100
18.3,528,44.0,5.9,0.0,65,17.3,2,2026-06-13 15:40:03.339 +0100
18.3,529,45.0,6.2,0.0,66,17.3,2,2026-06-13 16:00:04.089 +0100
18.3,530,46.0,6.5,0.0,70,17.3,2,2026-06-13 16:20:03.006 +0100
18.2,531,46.0,6.4,0.0,75,17.6,2,2026-06-13 16:40:03.152 +0100
18.0,532,47.0,6.6,0.0,81,18.0,3,2026-06-13 17:00:04.310 +0100
18.0,533,47.0,6.5,0.0,78,18.0,2,2026-06-13 17:20:03.320 +0100
17.9,534,46.0,6.2,0.0,71,18.0,2,2026-06-13 17:40:03.250 +0100
17.8,535,46.0,6.1,0.0,61,17.6,2,2026-06-13 18:00:04.413 +0100
17.7,536,46.0,6.0,0.0,63,17.6,2,2026-06-13 18:20:03.322 +0100
17.5,537,47.0,6.1,0.0,67,18.0,2,2026-06-13 18:40:03.356 +0100
17.2,538,49.0,6.4,0.0,77,18.4,2,2026-06-13 19:00:04.825 +0100
17.0,539,50.0,6.5,0.0,80,18.4,3,2026-06-13 19:20:04.246 +0100
16.7,540,51.0,6.5,0.0,82,18.0,3,2026-06-13 19:40:03.462 +0100
16.3,541,53.0,6.7,0.0,86,17.3,3,2026-06-13 20:00:04.829 +0100
16.1,542,54.0,6.8,0.0,91,16.6,3,2026-06-13 20:20:04.250 +0100
15.9,543,55.0,6.9,0.0,98,15.5,3,2026-06-13 20:40:03.467 +0100
15.6,544,58.0,7.4,0.0,100,13.7,3,2026-06-13 21:00:04.936 +0100
15.4,545,59.0,7.5,0.0,86,13.3,3,2026-06-13 21:20:03.127 +0100
15.2,546,61.0,7.7,0.0,63,13.0,2,2026-06-13 21:40:03.365 +0100
14.7,547,63.0,7.8,0.0,31,13.0,1,2026-06-13 22:00:05.039 +0100
14.5,548,64.0,7.8,0.0,39,13.0,1,2026-06-13 22:20:03.333 +0100
14.4,549,65.0,7.9,0.0,58,13.3,2,2026-06-13 22:40:03.575 +0100
14.1,550,67.0,8.1,0.0,92,13.7,3,2026-06-13 23:00:05.353 +0100
14.0,551,68.0,8.2,0.0,93,13.3,3,2026-06-13 23:20:04.053 +0100
14.0,552,69.0,8.4,0.0,88,12.2,3,2026-06-13 23:40:03.372 +0100
13.9,553,70.0,8.5,0.0,74,11.2,2,2026-06-14 00:00:04.638 +0100
13.7,554,71.0,8.6,0.0,71,11.5,2,2026-06-14 00:20:04.059 +0100
13.5,555,72.0,8.6,0.0,70,12.2,2,2026-06-14 00:40:03.275 +0100
13.1,556,74.0,8.6,0.0,63,13.3,2,2026-06-14 01:00:04.537 +0100
13.1,557,73.0,8.4,0.0,21,13.3,1,2026-06-14 01:20:03.732 +0100
13.0,558,74.0,8.5,0.0,42,13.0,1,2026-06-14 01:40:04.096 +0100
12.8,559,75.0,8.5,0.0,77,12.2,2,2026-06-14 02:00:04.234 +0100
12.7,560,76.0,8.6,0.0,81,11.9,3,2026-06-14 02:20:03.346 +0100
12.6,561,77.0,8.7,0.0,62,11.5,2,2026-06-14 02:40:03.687 +0100
12.7,562,77.0,8.8,0.0,74,11.2,2,2026-06-14 03:00:04.745 +0100
12.6,563,78.0,8.9,0.0,74,11.9,2,2026-06-14 03:20:03.952 +0100
12.5,564,78.0,8.8,0.0,72,11.2,2,2026-06-14 03:40:03.062 +0100
12.3,565,79.0,8.8,0.0,65,10.1,2,2026-06-14 04:00:05.449 +0100
12.0,566,79.0,8.5,0.0,59,9.7,2,2026-06-14 04:20:03.248 +0100
11.8,567,79.0,8.3,0.0,100,10.4,3,2026-06-14 04:40:03.189 +0100
11.8,568,80.0,8.5,0.0,41,10.4,1,2026-06-14 05:00:04.142 +0100
11.7,569,80.0,8.4,0.0,42,11.2,1,2026-06-14 05:20:02.948 +0100
11.7,570,80.0,8.4,0.0,45,10.8,1,2026-06-14 05:40:02.880 +0100
11.7,571,79.0,8.2,0.0,100,10.4,3,2026-06-14 06:00:05.270 +0100
11.6,572,79.0,8.1,0.0,100,10.1,3,2026-06-14 06:20:03.155 +0100
11.3,573,79.0,7.8,0.0,100,12.2,3,2026-06-14 06:40:03.086 +0100
11.5,574,78.0,7.8,0.0,100,13.3,3,2026-06-14 07:00:04.246 +0100
11.7,575,77.0,7.8,0.0,100,13.3,3,2026-06-14 07:20:03.143 +0100
11.5,576,78.0,7.8,0.0,100,11.5,3,2026-06-14 07:40:03.085 +0100
11.9,577,76.0,7.8,0.0,100,10.8,3,2026-06-14 08:00:04.972 +0100
12.2,578,74.0,7.7,0.0,100,11.2,3,2026-06-14 08:20:02.963 +0100
12.5,579,72.0,7.6,0.0,100,11.5,3,2026-06-14 08:40:02.899 +0100
12.8,580,71.0,7.7,0.0,100,11.2,3,2026-06-14 09:00:04.665 +0100
13.0,581,70.0,7.7,0.0,100,10.8,3,2026-06-14 09:20:03.572 +0100
13.3,582,69.0,7.7,0.0,100,10.8,3,2026-06-14 09:40:03.607 +0100
13.8,583,67.0,7.8,0.0,100,10.4,3,2026-06-14 10:00:04.769 +0100
13.9,584,66.0,7.6,0.0,100,11.5,3,2026-06-14 10:20:03.732 +0100
14.2,585,62.0,7.0,0.0,93,11.5,3,2026-06-14 10:40:03.815 +0100
14.7,586,60.0,7.1,0.0,88,11.9,3,2026-06-14 11:00:04.772 +0100
15.0,587,59.0,7.0,0.0,90,11.5,3,2026-06-14 11:20:03.783 +0100
15.4,588,59.0,7.5,0.0,99,10.8,3,2026-06-14 11:40:03.819 +0100
15.9,589,56.0,7.2,0.0,100,11.2,3,2026-06-14 12:00:04.982 +0100
16.1,590,55.0,7.1,0.0,99,10.8,3,2026-06-14 12:20:03.068 +0100
16.3,591,54.0,7.0,0.0,100,10.4,3,2026-06-14 12:40:03.101 +0100
16.4,592,53.0,6.8,0.0,100,8.6,3,2026-06-14 13:00:04.469 +0100
16.7,593,52.0,6.8,0.0,96,8.6,3,2026-06-14 13:20:03.583 +0100
17.3,594,49.0,6.5,0.0,100,10.1,3,2026-06-14 13:40:03.516 +0100
17.6,595,49.0,6.8,0.0,100,10.1,3,2026-06-14 14:00:04.576 +0100
17.8,596,49.0,7.0,0.0,96,10.1,3,2026-06-14 14:20:03.484 +0100
18.0,597,48.0,6.9,0.0,90,10.1,3,2026-06-14 14:40:03.520 +0100
18.4,598,47.0,6.9,0.0,82,11.2,3,2026-06-14 15:00:04.574 +0100
18.4,599,47.0,6.9,0.0,85,11.5,3,2026-06-14 15:20:03.574 +0100
18.4,600,46.0,6.6,0.0,93,11.5,3,2026-06-14 15:40:03.708 +0100
18.4,601,46.0,6.6,0.0,96,11.9,3,2026-06-14 16:00:04.764 +0100
18.5,602,45.0,6.4,0.0,65,11.9,2,2026-06-14 16:20:04.004 +0100
19.5,603,45.0,7.2,0.0,63,13.0,2,2026-06-14 16:40:03.023 +0100
19.4,604,45.0,7.2,0.0,29,12.6,1,2026-06-14 17:00:04.395 +0100
19.3,605,45.0,7.1,0.0,21,12.2,1,2026-06-14 17:20:03.514 +0100
19.3,606,46.0,7.4,0.0,16,11.9,0,2026-06-14 17:40:03.554 +0100
19.1,607,47.0,7.6,0.0,7,10.8,0,2026-06-14 18:00:04.694 +0100
19.0,608,48.0,7.7,0.0,24,10.4,1,2026-06-14 18:20:03.594 +0100
19.2,609,46.0,7.3,0.0,57,10.8,2,2026-06-14 18:40:03.632 +0100
19.0,610,47.0,7.5,0.0,98,11.2,3,2026-06-14 19:00:04.992 +0100
18.9,611,47.0,7.3,0.0,85,11.5,3,2026-06-14 19:20:03.071 +0100
18.7,612,48.0,7.5,0.0,53,12.6,2,2026-06-14 19:40:03.221 +0100
18.3,613,48.0,7.1,0.0,0,11.9,0,2026-06-14 20:00:04.696 +0100
18.1,614,49.0,7.3,0.0,0,11.2,0,2026-06-14 20:20:04.015 +0100
18.0,615,49.0,7.1,0.0,0,11.5,0,2026-06-14 20:40:03.334 +0100
17.6,616,50.0,7.1,0.0,0,10.1,0,2026-06-14 21:00:04.494 +0100
17.5,617,50.0,7.0,0.0,1,9.0,0,2026-06-14 21:20:03.710 +0100
17.4,618,51.0,7.2,0.0,10,7.6,0,2026-06-14 21:40:03.951 +0100
17.2,619,53.0,7.5,0.0,25,6.5,1,2026-06-14 22:00:03.885 +0100
17.0,620,55.0,7.9,0.0,19,7.6,0,2026-06-14 22:20:03.920 +0100
16.6,621,58.0,8.3,0.0,1,12.6,0,2026-06-14 22:40:03.953 +0100
15.9,622,63.0,8.9,0.0,0,18.4,0,2026-06-14 23:00:04.296 +0100
15.4,623,65.0,8.9,0.0,0,18.4,0,2026-06-14 23:20:03.511 +0100
14.9,624,67.0,8.9,0.0,37,17.3,1,2026-06-14 23:40:03.732 +0100
14.2,625,70.0,8.8,0.0,57,15.5,2,2026-06-15 00:00:04.913 +0100
13.8,626,72.0,8.8,0.0,68,15.5,2,2026-06-15 00:20:04.229 +0100
13.5,627,73.0,8.8,0.0,100,15.8,3,2026-06-15 00:40:03.445 +0100
13.1,628,75.0,8.8,0.0,100,15.1,3,2026-06-15 01:00:04.404 +0100
12.9,629,76.0,8.8,0.0,100,14.8,3,2026-06-15 01:20:03.404 +0100
12.7,630,77.0,8.8,0.0,100,14.8,3,2026-06-15 01:40:03.431 +0100
12.4,631,78.0,8.7,0.0,100,15.1,3,2026-06-15 02:00:04.280 +0100
12.3,632,79.0,8.8,0.0,100,15.1,3,2026-06-15 02:20:03.288 +0100
12.1,633,80.0,8.7,0.0,100,15.1,3,2026-06-15 02:40:03.225 +0100
11.8,634,81.0,8.6,0.0,100,14.8,3,2026-06-15 03:00:04.094 +0100
11.3,635,81.0,8.2,0.0,100,14.0,3,2026-06-15 03:20:03.016 +0100
11.2,636,81.0,8.0,0.0,100,14.4,3,2026-06-15 03:40:02.946 +0100
10.9,637,80.0,7.6,0.0,100,14.8,3,2026-06-15 04:00:05.667 +0100
10.8,638,79.0,7.3,0.0,100,14.4,3,2026-06-15 04:20:03.630 +0100
10.8,639,78.0,7.2,0.0,100,14.4,3,2026-06-15 04:40:03.664 +0100
10.7,640,77.0,6.9,0.0,100,13.7,3,2026-06-15 05:00:04.723 +0100
10.7,641,77.0,6.9,0.0,100,13.3,3,2026-06-15 05:20:03.731 +0100
10.8,642,74.0,6.3,0.0,100,14.0,3,2026-06-15 05:40:03.871 +0100
10.8,643,73.0,6.1,0.0,100,13.3,3,2026-06-15 06:00:05.136 +0100
10.8,644,73.0,6.2,0.0,100,13.3,3,2026-06-15 06:20:03.224 +0100
10.7,645,72.0,5.9,0.0,100,13.3,3,2026-06-15 06:40:03.157 +0100
10.9,646,71.0,5.9,0.0,100,12.6,3,2026-06-15 07:00:04.216 +0100
11.1,647,71.0,6.0,0.0,100,12.6,3,2026-06-15 07:20:03.123 +0100
11.0,648,75.0,6.8,0.0,100,13.3,3,2026-06-15 07:40:03.057 +0100
11.4,649,76.0,7.3,0.0,100,13.7,3,2026-06-15 08:00:04.732 +0100
11.6,650,76.0,7.6,0.0,100,14.0,3,2026-06-15 08:20:03.845 +0100
11.5,651,82.0,8.6,0.1,100,13.7,51,2026-06-15 08:40:04.108 +0100
11.8,652,84.0,9.2,0.1,100,13.7,51,2026-06-15 09:00:04.327 +0100
12.1,653,85.0,9.6,0.1,100,14.0,51,2026-06-15 09:20:03.232 +0100
11.5,654,90.0,10.0,0.1,99,13.3,51,2026-06-15 09:40:03.369 +0100
12.1,655,89.0,10.4,0.1,98,14.0,51,2026-06-15 10:00:04.329 +0100
12.5,656,80.0,9.1,0.0,96,14.0,3,2026-06-15 10:20:03.340 +0100
13.9,657,78.0,10.2,0.0,96,14.4,3,2026-06-15 10:40:03.375 +0100
14.8,658,74.0,10.2,0.0,100,13.7,3,2026-06-15 11:00:04.845 +0100
15.2,659,73.0,10.4,0.0,98,14.0,3,2026-06-15 11:20:03.855 +0100
14.9,660,75.0,10.5,0.0,92,14.4,3,2026-06-15 11:40:03.890 +0100
15.4,661,72.0,10.4,0.0,86,15.5,3,2026-06-15 12:00:05.052 +0100
15.8,662,70.0,10.4,0.0,88,15.8,3,2026-06-15 12:20:03.241 +0100
15.7,663,71.0,10.4,0.0,97,16.2,3,2026-06-15 12:40:03.380 +0100
16.7,664,67.0,10.6,0.0,100,16.9,3,2026-06-15 13:00:05.363 +0100
17.2,665,65.0,10.6,0.0,100,17.3,3,2026-06-15 13:20:03.349 +0100
18.2,666,60.0,10.3,0.0,100,15.8,3,2026-06-15 13:40:03.487 +0100
18.9,667,58.0,10.5,0.0,100,15.8,3,2026-06-15 14:00:04.853 +0100
19.1,668,58.0,10.7,0.0,100,15.8,3,2026-06-15 14:20:03.864 +0100
19.3,669,58.0,10.8,0.0,100,15.5,3,2026-06-15 14:40:04.001 +0100
19.5,670,59.0,11.3,0.0,100,15.1,3,2026-06-15 15:00:05.163 +0100
19.7,671,59.0,11.5,0.0,93,14.8,3,2026-06-15 15:20:03.354 +0100
20.0,672,61.0,12.2,0.0,97,14.4,3,2026-06-15 15:40:03.492 +0100
19.3,673,62.0,11.9,0.0,95,15.8,3,2026-06-15 16:00:04.860 +0100
19.5,674,62.0,12.0,0.0,96,15.8,3,2026-06-15 16:20:03.973 +0100
19.2,675,63.0,12.0,0.0,100,14.8,3,2026-06-15 16:40:03.086 +0100
19.6,676,62.0,12.2,0.0,100,14.0,3,2026-06-15 17:00:04.760 +0100
19.8,677,62.0,12.3,0.0,100,13.7,3,2026-06-15 17:20:03.954 +0100
19.5,678,62.0,12.1,0.0,100,13.3,3,2026-06-15 17:40:03.259 +0100
19.7,679,62.0,12.2,0.0,100,13.3,3,2026-06-15 18:00:04.965 +0100
19.7,680,62.0,12.3,0.0,100,13.7,3,2026-06-15 18:20:03.159 +0100
19.4,681,65.0,12.6,0.0,100,13.7,3,2026-06-15 18:40:03.398 +0100
19.3,682,66.0,12.8,0.0,100,14.8,3,2026-06-15 19:00:04.766 +0100
19.2,683,66.0,12.7,0.0,100,14.4,3,2026-06-15 19:20:03.732 +0100
19.3,684,65.0,12.5,0.0,100,12.6,3,2026-06-15 19:40:04.003 +0100
19.0,685,67.0,12.8,0.0,100,12.6,3,2026-06-15 20:00:04.641 +0100
18.8,686,68.0,12.8,0.0,100,12.6,3,2026-06-15 20:20:03.732 +0100
18.9,687,67.0,12.7,0.0,100,12.6,3,2026-06-15 20:40:03.799 +0100
18.5,688,68.0,12.5,0.0,100,12.2,3,2026-06-15 21:00:05.189 +0100
18.3,689,69.0,12.6,0.0,100,12.2,3,2026-06-15 21:20:03.276 +0100
18.2,690,69.0,12.4,0.0,100,11.9,3,2026-06-15 21:40:03.311 +0100
17.9,691,69.0,12.1,0.0,100,13.0,3,2026-06-15 22:00:04.368 +0100
17.7,692,69.0,11.9,0.0,100,13.0,3,2026-06-15 22:20:03.586 +0100
17.5,693,70.0,12.0,0.0,99,13.7,3,2026-06-15 22:40:03.622 +0100
17.1,694,71.0,11.8,0.0,98,13.0,3,2026-06-15 23:00:05.085 +0100
16.9,695,72.0,11.8,0.0,99,13.0,3,2026-06-15 23:20:03.377 +0100
16.7,696,73.0,11.9,0.0,96,11.5,3,2026-06-15 23:40:03.517 +0100
16.4,697,75.0,12.0,0.0,100,11.2,3,2026-06-16 00:00:04.578 +0100
16.0,698,78.0,12.2,0.0,100,10.8,3,2026-06-16 00:20:03.690 +0100
15.9,699,79.0,12.3,0.0,100,9.7,3,2026-06-16 00:40:03.727 +0100
15.7,700,80.0,12.3,0.0,100,8.6,3,2026-06-16 01:00:04.788 +0100
15.7,701,81.0,12.5,0.0,100,8.3,3,2026-06-16 01:20:03.798 +0100
15.3,702,83.0,12.5,0.0,98,5.8,3,2026-06-16 01:40:03.832 +0100
15.4,703,85.0,12.9,0.0,100,3.2,3,2026-06-16 02:00:04.585 +0100
15.4,704,85.0,12.9,0.0,99,3.2,3,2026-06-16 02:20:03.492 +0100
15.4,705,85.0,12.9,0.0,98,4.0,3,2026-06-16 02:40:03.425 +0100
15.4,706,85.0,12.9,0.0,95,5.8,3,2026-06-16 03:00:04.483 +0100
15.3,707,85.0,12.8,0.0,94,6.1,3,2026-06-16 03:20:03.697 +0100
15.2,708,84.0,12.6,0.0,92,6.1,3,2026-06-16 03:40:03.825 +0100
15.5,709,82.0,12.4,0.0,100,7.6,3,2026-06-16 04:00:06.118 +0100
15.4,710,81.0,12.2,0.0,95,8.3,3,2026-06-16 04:20:03.295 +0100
15.1,711,81.0,11.9,0.0,98,8.6,3,2026-06-16 04:40:03.231 +0100
15.1,712,79.0,11.5,0.0,96,10.1,3,2026-06-16 05:00:05.828 +0100
15.1,713,79.0,11.5,0.0,96,10.1,3,2026-06-16 05:20:03.811 +0100
14.9,714,80.0,11.5,0.0,64,7.9,2,2026-06-16 05:40:03.844 +0100
14.9,715,80.0,11.5,0.0,61,7.9,2,2026-06-16 06:00:05.921 +0100
14.9,716,80.0,11.5,0.0,52,8.3,2,2026-06-16 06:20:04.015 +0100
15.2,717,80.0,11.8,0.0,45,10.1,1,2026-06-16 06:40:03.031 +0100
15.3,718,79.0,11.7,0.0,41,10.8,1,2026-06-16 07:00:06.445 +0100
15.4,719,78.0,11.6,0.0,51,10.8,2,2026-06-16 07:20:03.612 +0100
15.7,720,77.0,11.7,0.0,93,10.4,3,2026-06-16 07:40:03.732 +0100
16.0,721,75.0,11.6,0.0,89,10.1,3,2026-06-16 08:00:06.036 +0100
16.2,722,74.0,11.6,0.0,87,9.4,3,2026-06-16 08:20:03.204 +0100
16.3,723,74.0,11.7,0.0,84,8.6,3,2026-06-16 08:40:03.343 +0100
16.8,724,71.0,11.5,0.0,86,7.6,3,2026-06-16 09:00:05.719 +0100
17.0,725,70.0,11.5,0.0,91,7.6,3,2026-06-16 09:20:03.824 +0100
17.2,726,69.0,11.5,0.0,97,7.9,3,2026-06-16 09:40:03.860 +0100
17.7,727,65.0,11.0,0.0,100,8.3,3,2026-06-16 10:00:05.533 +0100
18.3,728,64.0,11.4,0.0,99,9.4,3,2026-06-16 10:20:03.827 +0100
18.7,729,62.0,11.3,0.0,100,8.6,3,2026-06-16 10:40:03.862 +0100
19.3,730,59.0,11.1,0.0,91,9.0,3,2026-06-16 11:00:05.844 +0100
19.7,731,57.0,10.9,0.0,72,9.4,2,2026-06-16 11:20:04.137 +0100
20.1,732,55.0,10.8,0.0,50,9.4,2,2026-06-16 11:40:03.236 +0100
20.9,733,49.0,9.8,0.0,0,11.9,0,2026-06-16 12:00:04.802 +0100
21.2,734,47.0,9.5,0.0,0,12.2,0,2026-06-16 12:20:03.910 +0100
21.7,735,45.0,9.2,0.0,51,12.2,2,2026-06-16 12:40:04.071 +0100
22.2,736,42.0,8.7,0.0,13,13.0,0,2026-06-16 13:00:05.140 +0100
22.5,737,42.0,9.0,0.0,25,13.0,1,2026-06-16 13:20:03.338 +0100
23.0,738,43.0,9.7,0.0,69,13.3,2,2026-06-16 13:40:03.472 +0100
23.1,739,46.0,10.9,0.0,100,13.7,3,2026-06-16 14:00:04.726 +0100
22.9,740,47.0,11.0,0.0,100,15.1,3,2026-06-16 14:20:03.940 +0100
22.5,741,49.0,11.3,0.0,100,17.3,3,2026-06-16 14:40:04.078 +0100
21.8,742,52.0,11.5,0.0,100,20.2,3,2026-06-16 15:00:05.137 +0100
21.5,743,54.0,11.8,0.0,100,19.4,3,2026-06-16 15:20:03.329 +0100
21.3,744,56.0,12.2,0.0,100,17.6,3,2026-06-16 15:40:03.465 +0100
20.8,745,58.0,12.3,0.0,100,15.8,3,2026-06-16 16:00:04.834 +0100
20.7,746,61.0,12.9,0.1,100,16.2,51,2026-06-16 16:20:04.153 +0100
19.9,747,67.0,13.6,0.1,100,18.4,51,2026-06-16 16:40:03.391 +0100
18.5,748,79.0,14.8,0.1,100,19.8,51,2026-06-16 17:00:04.735 +0100
18.1,749,82.0,15.0,0.3,100,19.1,55,2026-06-16 17:20:03.849 +0100
19.2,750,73.0,14.2,0.1,100,19.8,51,2026-06-16 17:40:04.082 +0100
17.5,751,84.0,14.8,0.1,100,19.1,51,2026-06-16 18:00:04.210 +0100
17.3,752,86.0,14.9,0.2,100,18.0,53,2026-06-16 18:20:03.319 +0100
17.2,753,86.0,14.8,0.1,100,17.3,51,2026-06-16 18:40:03.351 +0100
17.3,754,88.0,15.3,0.1,100,15.8,51,2026-06-16 19:00:04.948 +0100
17.3,755,88.0,15.3,0.0,100,15.8,3,2026-06-16 19:20:03.043 +0100
18.5,756,79.0,14.8,0.1,100,16.2,51,2026-06-16 19:40:03.281 +0100
18.5,757,79.0,14.8,0.1,100,14.8,51,2026-06-16 20:00:04.545 +0100
18.5,758,80.0,15.0,0.0,100,14.4,3,2026-06-16 20:20:03.732 +0100
18.4,759,81.0,15.1,0.0,100,14.4,3,2026-06-16 20:40:03.893 +0100
18.5,760,78.0,14.6,0.0,100,14.4,3,2026-06-16 21:00:05.258 +0100
18.3,761,80.0,14.8,0.1,100,15.5,51,2026-06-16 21:20:03.349 +0100
18.1,762,83.0,15.2,0.1,100,14.8,51,2026-06-16 21:40:03.590 +0100
17.7,763,87.0,15.5,0.1,100,13.0,51,2026-06-16 22:00:04.752 +0100
17.5,764,88.0,15.5,0.1,100,12.2,51,2026-06-16 22:20:03.968 +0100
18.5,765,76.0,14.2,0.0,100,11.9,3,2026-06-16 22:40:03.076 +0100
18.2,766,78.0,14.3,0.0,100,12.2,3,2026-06-16 23:00:04.237 +0100
18.0,767,79.0,14.3,0.0,100,12.2,3,2026-06-16 23:20:03.459 +0100
17.9,768,81.0,14.6,0.0,100,13.0,3,2026-06-16 23:40:03.494 +0100
17.6,769,80.0,14.1,0.0,100,14.0,3,2026-06-17 00:00:04.452 +0100
17.8,770,81.0,14.5,0.0,100,15.8,3,2026-06-17 00:20:03.463 +0100
17.6,771,82.0,14.5,0.0,100,16.9,3,2026-06-17 00:40:03.498 +0100
17.4,772,84.0,14.7,0.0,100,14.8,3,2026-06-17 01:00:04.759 +0100
17.3,773,85.0,14.7,0.0,100,14.0,3,2026-06-17 01:20:03.872 +0100
17.1,774,86.0,14.8,0.0,99,13.7,3,2026-06-17 01:40:04.011 +0100
17.0,775,87.0,14.8,0.0,100,13.0,3,2026-06-17 02:00:04.252 +0100
16.9,776,88.0,14.9,0.0,100,13.3,3,2026-06-17 02:20:03.366 +0100
16.8,777,89.0,15.0,0.0,100,14.0,3,2026-06-17 02:40:03.399 +0100
16.6,778,91.0,15.1,0.0,100,15.5,3,2026-06-17 03:00:04.356 +0100
16.5,779,92.0,15.2,0.1,100,15.8,51,2026-06-17 03:20:03.366 +0100
16.5,780,92.0,15.2,0.1,100,15.8,51,2026-06-17 03:40:03.505 +0100
16.4,781,94.0,15.5,0.2,100,15.8,53,2026-06-17 04:00:06.102 +0100
16.2,782,94.0,15.2,0.3,100,17.6,55,2026-06-17 04:20:03.270 +0100
15.9,783,95.0,15.1,0.2,100,17.3,53,2026-06-17 04:40:03.306 +0100
15.9,784,95.0,15.1,0.2,100,16.6,53,2026-06-17 05:00:06.003 +0100
15.9,785,95.0,15.1,0.2,100,16.6,53,2026-06-17 05:20:03.068 +0100
15.9,786,95.0,15.1,0.3,100,16.9,55,2026-06-17 05:40:03.103 +0100
16.0,787,94.0,15.0,0.3,100,16.6,55,2026-06-17 06:00:06.110 +0100
16.0,788,94.0,15.0,0.0,100,16.9,3,2026-06-17 06:20:03.482 +0100
15.8,789,94.0,14.9,0.1,100,16.9,51,2026-06-17 06:40:03.516 +0100
15.9,790,93.0,14.8,0.1,100,18.4,51,2026-06-17 07:00:06.213 +0100
15.8,791,93.0,14.7,0.3,100,18.7,55,2026-06-17 07:20:03.584 +0100
15.8,792,94.0,14.8,0.2,100,19.4,53,2026-06-17 07:40:03.724 +0100
15.8,793,93.0,14.7,0.2,100,19.4,53,2026-06-17 08:00:05.807 +0100
15.9,794,92.0,14.6,0.1,93,19.8,51,2026-06-17 08:20:03.897 +0100
16.2,795,93.0,15.1,0.2,99,20.2,53,2026-06-17 08:40:04.035 +0100
16.4,796,92.0,15.1,0.2,97,19.4,53,2026-06-17 09:00:05.708 +0100
16.6,797,91.0,15.2,0.0,97,19.8,3,2026-06-17 09:20:03.900 +0100
16.8,798,90.0,15.2,0.0,97,20.2,3,2026-06-17 09:40:04.037 +0100
16.9,799,89.0,15.1,0.0,100,20.2,3,2026-06-17 10:00:05.505 +0100
17.1,800,88.0,15.1,0.0,100,18.4,3,2026-06-17 10:20:03.594 +0100
17.0,801,88.0,15.0,0.0,100,16.2,3,2026-06-17 10:40:03.733 +0100
17.3,802,86.0,15.0,0.0,100,14.8,3,2026-06-17 11:00:05.715 +0100
17.6,803,84.0,14.9,0.0,100,15.1,3,2026-06-17 11:20:03.803 +0100
17.7,804,85.0,15.1,0.0,100,16.6,3,2026-06-17 11:40:03.942 +0100
18.2,805,82.0,15.1,0.0,100,16.2,3,2026-06-17 12:00:05.412 +0100
18.4,806,81.0,15.1,0.0,100,16.2,3,2026-06-17 12:20:03.588 +0100
18.9,807,78.0,15.0,0.0,98,17.6,3,2026-06-17 12:40:03.723 +0100
19.4,808,75.0,14.9,0.0,98,17.6,3,2026-06-17 13:00:05.624 +0100
19.5,809,75.0,15.0,0.0,98,17.6,3,2026-06-17 13:20:03.815 +0100
19.7,810,73.0,14.8,0.0,100,18.0,3,2026-06-17 13:40:03.951 +0100
19.3,811,75.0,14.8,0.0,100,18.4,3,2026-06-17 14:00:05.418 +0100
19.4,812,75.0,14.8,0.0,99,18.4,3,2026-06-17 14:20:03.508 +0100
19.5,813,74.0,14.7,0.0,98,18.0,3,2026-06-17 14:40:03.532 +0100
19.8,814,73.0,14.8,0.0,96,17.3,3,2026-06-17 15:00:05.211 +0100
19.6,815,73.0,14.7,0.0,100,17.3,3,2026-06-17 15:20:03.309 +0100
19.8,816,72.0,14.6,0.0,100,18.4,3,2026-06-17 15:40:03.343 +0100
20.1,817,70.0,14.5,0.0,98,17.6,3,2026-06-17 16:00:04.813 +0100
20.8,818,66.0,14.2,0.0,91,17.6,3,2026-06-17 16:20:03.925 +0100
20.3,819,70.0,14.6,0.0,93,16.2,3,2026-06-17 16:40:04.063 +0100
20.4,820,69.0,14.6,0.0,84,16.9,3,2026-06-17 17:00:05.428 +0100
20.6,821,67.0,14.2,0.0,79,16.9,2,2026-06-17 17:20:03.620 +0100
20.7,822,65.0,13.9,0.0,86,16.6,3,2026-06-17 17:40:03.859 +0100
20.7,823,64.0,13.7,0.0,83,16.6,3,2026-06-17 18:00:05.330 +0100
20.8,824,63.0,13.5,0.0,83,16.2,3,2026-06-17 18:20:03.521 +0100
20.7,825,64.0,13.7,0.0,53,16.9,2,2026-06-17 18:40:03.556 +0100
20.5,826,64.0,13.5,0.0,42,16.6,1,2026-06-17 19:00:05.230 +0100
20.4,827,64.0,13.4,0.0,47,16.6,1,2026-06-17 19:20:03.422 +0100
20.3,828,63.0,13.0,0.0,45,16.6,1,2026-06-17 19:40:03.662 +0100
20.0,829,63.0,12.8,0.0,23,15.5,1,2026-06-17 20:00:05.132 +0100
19.8,830,63.0,12.6,0.0,35,15.5,1,2026-06-17 20:20:03.321 +0100
19.6,831,63.0,12.4,0.0,58,15.5,2,2026-06-17 20:40:03.459 +0100
19.2,832,66.0,12.7,0.0,87,15.5,3,2026-06-17 21:00:04.930 +0100
19.2,833,66.0,12.7,0.0,88,13.3,3,2026-06-17 21:20:04.044 +0100
19.0,834,66.0,12.5,0.0,85,13.7,3,2026-06-17 21:40:03.158 +0100
18.6,835,66.0,12.1,0.0,77,14.0,2,2026-06-17 22:00:04.422 +0100
18.4,836,66.0,11.9,0.0,78,14.0,2,2026-06-17 22:20:03.330 +0100
18.2,837,67.0,12.0,0.0,80,13.7,3,2026-06-17 22:40:03.362 +0100
17.9,838,68.0,11.9,0.0,77,13.0,2,2026-06-17 23:00:04.730 +0100
17.8,839,69.0,12.0,0.0,64,12.6,2,2026-06-17 23:20:03.845 +0100
17.5,840,73.0,12.6,0.0,69,12.2,2,2026-06-17 23:40:03.983 +0100
17.4,841,73.0,12.5,0.0,66,10.4,2,2026-06-18 00:00:04.224 +0100
17.3,842,73.0,12.5,0.0,72,10.1,2,2026-06-18 00:20:03.336 +0100
17.4,843,78.0,13.5,0.0,93,9.7,3,2026-06-18 00:40:03.473 +0100
17.3,844,78.0,13.5,0.0,98,9.7,3,2026-06-18 01:00:04.535 +0100
17.3,845,78.0,13.4,0.0,97,10.1,3,2026-06-18 01:20:03.545 +0100
17.1,846,81.0,13.8,0.0,85,10.8,3,2026-06-18 01:40:03.581 +0100
16.9,847,82.0,13.8,0.0,77,11.2,2,2026-06-18 02:00:04.640 +0100
16.9,848,82.0,13.8,0.0,79,11.2,2,2026-06-18 02:20:03.651 +0100
16.8,849,83.0,13.9,0.0,84,10.8,3,2026-06-18 02:40:03.686 +0100
16.7,850,84.0,14.0,0.0,94,10.1,3,2026-06-18 03:00:04.642 +0100
16.7,851,85.0,14.2,0.0,96,10.1,3,2026-06-18 03:20:03.652 +0100
16.6,852,86.0,14.2,0.0,98,10.4,3,2026-06-18 03:40:03.688 +0100
16.5,853,88.0,14.5,0.0,78,10.4,2,2026-06-18 04:00:06.183 +0100
16.4,854,89.0,14.6,0.0,81,8.6,3,2026-06-18 04:20:03.245 +0100
16.1,855,89.0,14.3,0.0,85,7.6,3,2026-06-18 04:40:03.383 +0100
16.0,856,91.0,14.6,0.0,100,7.6,3,2026-06-18 05:00:06.184 +0100
16.0,857,91.0,14.6,0.0,100,7.9,3,2026-06-18 05:20:03.455 +0100
16.1,858,91.0,14.7,0.0,100,7.2,3,2026-06-18 05:40:03.491 +0100
16.2,859,92.0,14.9,0.0,100,7.6,3,2026-06-18 06:00:06.802 +0100
16.2,860,92.0,14.9,0.0,100,7.6,3,2026-06-18 06:20:04.068 +0100
16.1,861,90.0,14.4,0.0,99,8.6,3,2026-06-18 06:40:03.373 +0100
16.3,862,89.0,14.5,0.0,100,10.1,3,2026-06-18 07:00:07.108 +0100
16.4,863,88.0,14.4,0.0,100,10.4,3,2026-06-18 07:20:03.674 +0100
16.6,864,88.0,14.6,0.0,100,10.1,3,2026-06-18 07:40:04.126 +0100
17.0,865,86.0,14.6,0.0,100,11.2,3,2026-06-18 08:00:06.404 +0100
17.1,866,85.0,14.6,0.0,100,11.5,3,2026-06-18 08:20:03.732 +0100
17.3,867,85.0,14.7,0.0,100,11.5,3,2026-06-18 08:40:04.218 +0100
17.9,868,84.0,15.2,0.0,100,11.9,3,2026-06-18 09:00:05.993 +0100
18.1,869,83.0,15.2,0.0,100,14.4,3,2026-06-18 09:20:03.161 +0100
18.3,870,82.0,15.2,0.0,100,15.1,3,2026-06-18 09:40:03.297 +0100
18.8,871,79.0,15.1,0.0,100,16.2,3,2026-06-18 10:00:05.790 +0100
19.3,872,78.0,15.4,0.0,100,17.3,3,2026-06-18 10:20:03.882 +0100
19.3,873,77.0,15.2,0.0,100,17.3,3,2026-06-18 10:40:04.021 +0100
19.7,874,74.0,14.9,0.0,100,16.9,3,2026-06-18 11:00:06.001 +0100
19.7,875,74.0,15.0,0.0,100,17.3,3,2026-06-18 11:20:03.169 +0100
20.0,876,73.0,15.1,0.0,100,17.6,3,2026-06-18 11:40:03.306 +0100
20.4,877,71.0,15.0,0.0,100,16.6,3,2026-06-18 12:00:05.799 +0100
20.5,878,71.0,15.1,0.0,98,16.6,3,2026-06-18 12:20:03.889 +0100
21.0,879,68.0,14.9,0.0,100,18.0,3,2026-06-18 12:40:04.128 +0100
21.6,880,66.0,15.0,0.0,100,18.7,3,2026-06-18 13:00:05.595 +0100
21.8,881,65.0,14.9,0.0,100,18.7,3,2026-06-18 13:20:03.688 +0100
22.0,882,65.0,15.1,0.0,76,19.1,2,2026-06-18 13:40:03.826 +0100
22.4,883,63.0,15.0,0.0,52,18.4,2,2026-06-18 14:00:05.295 +0100
22.6,884,62.0,14.9,0.0,49,18.0,1,2026-06-18 14:20:03.384 +0100
22.7,885,61.0,14.8,0.0,49,17.3,1,2026-06-18 14:40:03.523 +0100
23.0,886,60.0,14.8,0.0,55,15.8,2,2026-06-18 15:00:05.503 +0100
23.5,887,59.0,15.1,0.0,50,16.2,2,2026-06-18 15:20:03.591 +0100
23.4,888,59.0,14.9,0.0,100,17.6,3,2026-06-18 15:40:03.732 +0100
23.7,889,58.0,14.9,0.0,100,16.9,3,2026-06-18 16:00:05.071 +0100
23.7,890,58.0,14.9,0.0,91,16.6,3,2026-06-18 16:20:03.285 +0100
23.8,891,57.0,14.8,0.0,79,15.8,2,2026-06-18 16:40:03.414 +0100
23.9,892,57.0,14.9,0.0,58,15.5,2,2026-06-18 17:00:05.285 +0100
23.9,893,57.0,14.9,0.0,56,15.1,2,2026-06-18 17:20:03.473 +0100
23.6,894,59.0,15.2,0.0,47,15.5,1,2026-06-18 17:40:03.607 +0100
23.6,895,59.0,15.2,0.0,48,14.4,1,2026-06-18 18:00:05.073 +0100
23.6,896,58.0,14.9,0.0,47,14.0,1,2026-06-18 18:20:03.258 +0100
23.5,897,56.0,14.3,0.0,60,13.7,2,2026-06-18 18:40:03.388 +0100
23.5,898,56.0,14.2,0.0,70,14.0,2,2026-06-18 19:00:04.996 +0100
23.3,899,56.0,14.1,0.0,32,14.4,1,2026-06-18 19:20:03.207 +0100
23.4,900,58.0,14.7,0.0,43,13.7,1,2026-06-18 19:40:03.354 +0100
23.0,901,61.0,15.1,0.0,64,13.7,2,2026-06-18 20:00:04.617 +0100
22.8,902,62.0,15.1,0.0,69,13.3,2,2026-06-18 20:20:03.712 +0100
22.6,903,65.0,15.7,0.0,65,13.0,2,2026-06-18 20:40:03.950 +0100
22.2,904,66.0,15.5,0.0,70,12.2,2,2026-06-18 21:00:04.803 +0100
21.9,905,67.0,15.5,0.0,72,11.5,2,2026-06-18 21:20:04.017 +0100
21.7,906,68.0,15.5,0.0,75,10.4,2,2026-06-18 21:40:03.130 +0100
21.1,907,70.0,15.5,0.0,77,8.6,2,2026-06-18 22:00:04.298 +0100
21.1,908,72.0,15.9,0.0,63,8.6,2,2026-06-18 22:20:03.411 +0100
20.9,909,71.0,15.5,0.0,59,10.4,2,2026-06-18 22:40:03.343 +0100
20.2,910,73.0,15.2,0.0,50,11.2,2,2026-06-18 23:00:04.505 +0100
19.9,911,74.0,15.1,0.0,42,11.5,1,2026-06-18 23:20:03.732 +0100
20.1,912,75.0,15.5,0.0,43,11.5,1,2026-06-18 23:40:03.962 +0100
19.6,913,77.0,15.4,0.0,16,13.0,0,2026-06-19 00:00:04.611 +0100
19.3,914,77.0,15.2,0.0,12,13.0,0,2026-06-19 00:20:03.825 +0100
19.0,915,79.0,15.3,0.0,12,13.3,0,2026-06-19 00:40:03.963 +0100
18.6,916,81.0,15.3,0.0,29,13.0,1,2026-06-19 01:00:04.101 +0100
18.4,917,82.0,15.3,0.0,26,12.2,1,2026-06-19 01:20:03.217 +0100
18.3,918,84.0,15.6,0.0,13,10.8,0,2026-06-19 01:40:03.457 +0100
17.9,919,85.0,15.4,0.0,0,9.4,0,2026-06-19 02:00:04.413 +0100
17.7,920,86.0,15.4,0.0,0,9.0,0,2026-06-19 02:20:03.526 +0100
17.6,921,87.0,15.4,0.0,0,9.0,0,2026-06-19 02:40:03.970 +0100
17.2,922,88.0,15.2,0.0,4,9.0,0,2026-06-19 03:00:04.108 +0100
16.6,923,88.0,14.6,0.0,2,9.0,0,2026-06-19 03:20:03.222 +0100
16.4,924,89.0,14.6,0.0,4,9.4,0,2026-06-19 03:40:03.566 +0100
16.1,925,90.0,14.5,0.0,13,9.7,0,2026-06-19 04:00:06.366 +0100
16.0,926,91.0,14.5,0.0,18,9.7,0,2026-06-19 04:20:03.431 +0100
15.9,927,91.0,14.5,0.0,27,9.7,1,2026-06-19 04:40:03.568 +0100
15.6,928,92.0,14.3,0.0,48,9.4,1,2026-06-19 05:00:05.345 +0100
15.6,929,92.0,14.3,0.0,63,9.7,2,2026-06-19 05:20:03.434 +0100
15.5,930,93.0,14.4,0.0,80,10.4,3,2026-06-19 05:40:03.674 +0100
15.5,931,92.0,14.2,0.0,95,11.2,3,2026-06-19 06:00:05.719 +0100
15.6,932,90.0,14.0,0.0,83,11.2,3,2026-06-19 06:20:03.949 +0100
15.7,933,88.0,13.8,0.0,33,12.6,1,2026-06-19 06:40:03.165 +0100
16.0,934,84.0,13.3,0.0,0,14.8,0,2026-06-19 07:00:05.350 +0100
16.2,935,82.0,13.1,0.0,0,15.5,0,2026-06-19 07:20:03.542 +0100
16.4,936,80.0,12.9,0.0,0,16.2,0,2026-06-19 07:40:03.732 +0100
17.0,937,77.0,12.9,0.0,0,17.3,0,2026-06-19 08:00:05.354 +0100
17.3,938,76.0,13.0,0.0,0,17.3,0,2026-06-19 08:20:03.444 +0100
17.8,939,74.0,13.1,0.0,0,15.5,0,2026-06-19 08:40:03.685 +0100
18.6,940,72.0,13.4,0.0,0,16.2,0,2026-06-19 09:00:05.053 +0100
19.0,941,71.0,13.6,0.0,1,16.2,0,2026-06-19 09:20:03.346 +0100
19.5,942,68.0,13.5,0.0,0,16.2,0,2026-06-19 09:40:03.586 +0100
20.4,943,65.0,13.6,0.0,4,15.5,0,2026-06-19 10:00:05.360 +0100
20.4,944,66.0,13.9,0.0,17,16.6,0,2026-06-19 10:20:03.554 +0100
20.5,945,65.0,13.7,0.0,37,15.8,1,2026-06-19 10:40:03.895 +0100
20.8,946,65.0,14.0,0.0,68,14.4,2,2026-06-19 11:00:05.467 +0100
21.0,947,64.0,14.0,0.0,71,14.4,2,2026-06-19 11:20:04.068 +0100
21.3,948,64.0,14.2,0.0,71,15.1,2,2026-06-19 11:40:03.284 +0100
21.9,949,62.0,14.3,0.0,65,15.8,2,2026-06-19 12:00:05.163 +0100
22.2,950,61.0,14.3,0.0,64,16.2,2,2026-06-19 12:20:03.354 +0100
22.2,951,61.0,14.4,0.0,66,18.7,2,2026-06-19 12:40:03.595 +0100
22.8,952,58.0,14.1,0.0,55,19.1,2,2026-06-19 13:00:05.168 +0100
23.1,953,57.0,14.1,0.0,49,19.1,1,2026-06-19 13:20:03.461 +0100
23.5,954,55.0,14.0,0.0,33,18.7,1,2026-06-19 13:40:03.906 +0100
24.0,955,54.0,14.1,0.0,43,19.8,1,2026-06-19 14:00:05.478 +0100
24.1,956,54.0,14.3,0.0,44,19.8,1,2026-06-19 14:20:03.731 +0100
24.3,957,53.0,14.1,0.0,34,21.2,1,2026-06-19 14:40:04.113 +0100
24.6,958,52.0,14.1,0.0,38,22.0,1,2026-06-19 15:00:04.763 +0100
24.6,959,52.0,14.1,0.0,44,22.0,1,2026-06-19 15:20:04.207 +0100
24.7,960,53.0,14.5,0.0,49,20.5,1,2026-06-19 15:40:03.401 +0100
24.4,961,54.0,14.5,0.0,67,19.8,2,2026-06-19 16:00:04.967 +0100
24.3,962,54.0,14.4,0.0,67,19.8,2,2026-06-19 16:20:03.255 +0100
24.6,963,53.0,14.4,0.0,47,20.2,1,2026-06-19 16:40:03.506 +0100
24.3,964,54.0,14.4,0.0,45,20.2,1,2026-06-19 17:00:04.878 +0100
24.1,965,55.0,14.5,0.0,52,20.2,2,2026-06-19 17:20:04.192 +0100
24.0,966,55.0,14.4,0.0,63,20.2,2,2026-06-19 17:40:03.408 +0100
24.2,967,55.0,14.6,0.0,70,17.6,2,2026-06-19 18:00:04.877 +0100
23.9,968,56.0,14.6,0.0,72,18.0,2,2026-06-19 18:20:04.195 +0100
23.6,969,57.0,14.6,0.0,88,18.7,3,2026-06-19 18:40:03.412 +0100
23.0,970,61.0,15.1,0.0,87,18.7,3,2026-06-19 19:00:05.187 +0100
22.7,971,63.0,15.3,0.0,88,18.0,3,2026-06-19 19:20:03.379 +0100
22.2,972,65.0,15.3,0.0,93,17.6,3,2026-06-19 19:40:03.619 +0100
21.6,973,69.0,15.7,0.0,100,15.8,3,2026-06-19 20:00:04.884 +0100
21.3,974,70.0,15.6,0.0,100,15.1,3,2026-06-19 20:20:04.099 +0100
21.1,975,70.0,15.4,0.0,100,14.0,3,2026-06-19 20:40:03.314 +0100
20.5,976,71.0,15.1,0.0,100,18.7,3,2026-06-19 21:00:04.887 +0100
20.2,977,72.0,15.0,0.0,100,18.0,3,2026-06-19 21:20:04.206 +0100
20.0,978,72.0,14.8,0.0,100,17.3,3,2026-06-19 21:40:03.423 +0100
19.7,979,73.0,14.7,0.0,100,16.6,3,2026-06-19 22:00:04.790 +0100
19.5,980,73.0,14.6,0.0,100,16.2,3,2026-06-19 22:20:04.210 +0100
19.6,981,72.0,14.5,0.0,100,16.6,3,2026-06-19 22:40:03.426 +0100
19.3,982,74.0,14.6,0.0,100,16.6,3,2026-06-19 23:00:04.720 +0100
19.2,983,75.0,14.7,0.0,100,16.6,3,2026-06-19 23:20:04.112 +0100
19.0,984,77.0,14.9,0.1,100,16.2,51,2026-06-19 23:40:03.327 +0100
18.6,985,80.0,15.1,0.1,100,15.8,51,2026-06-20 00:00:04.592 +0100
18.4,986,81.0,15.1,0.1,100,15.5,51,2026-06-20 00:20:04.012 +0100
18.5,987,81.0,15.2,0.0,100,15.5,3,2026-06-20 00:40:03.126 +0100
18.2,988,83.0,15.3,0.0,100,15.1,3,2026-06-20 01:00:04.288 +0100
18.1,989,84.0,15.3,0.0,100,14.4,3,2026-06-20 01:20:03.402 +0100
18.2,990,84.0,15.4,0.0,100,13.0,3,2026-06-20 01:40:03.436 +0100
18.1,991,85.0,15.6,0.0,100,11.9,3,2026-06-20 02:00:04.495 +0100
18.0,992,86.0,15.7,0.1,100,11.9,51,2026-06-20 02:20:03.608 +0100
17.9,993,88.0,15.9,0.1,100,11.9,51,2026-06-20 02:40:03.732 +0100
17.6,994,89.0,15.8,0.1,100,12.2,51,2026-06-20 03:00:04.909 +0100
17.6,995,86.0,15.2,0.4,100,12.2,61,2026-06-20 03:20:04.125 +0100
17.7,996,87.0,15.5,0.1,100,13.7,51,2026-06-20 03:40:03.239 +0100
17.4,997,90.0,15.8,0.1,100,13.0,51,2026-06-20 04:00:06.244 +0100
17.2,998,91.0,15.7,0.2,100,12.6,53,2026-06-20 04:20:03.309 +0100
17.2,999,88.0,15.2,0.0,100,15.1,3,2026-06-20 04:40:03.447 +0100
17.0,1000,89.0,15.2,0.0,100,14.0,3,2026-06-20 05:00:05.423 +0100
16.9,1001,90.0,15.3,0.1,100,13.0,51,2026-06-20 05:20:03.707 +0100
16.8,1002,92.0,15.5,0.0,100,11.9,3,2026-06-20 05:40:03.938 +0100
16.8,1003,92.0,15.5,0.0,100,9.7,3,2026-06-20 06:00:05.912 +0100
16.8,1004,92.0,15.5,0.0,100,9.4,3,2026-06-20 06:20:04.138 +0100
16.7,1005,94.0,15.8,0.0,100,9.7,3,2026-06-20 06:40:03.266 +0100
16.8,1006,93.0,15.7,0.0,100,10.1,3,2026-06-20 07:00:05.719 +0100
16.8,1007,93.0,15.7,0.0,100,10.4,3,2026-06-20 07:20:04.153 +0100
16.9,1008,92.0,15.6,0.0,100,10.1,3,2026-06-20 07:40:03.354 +0100
16.9,1009,90.0,15.3,0.0,100,10.8,3,2026-06-20 08:00:05.641 +0100
16.9,1010,89.0,15.1,0.0,100,10.8,3,2026-06-20 08:20:03.832 +0100
17.0,1011,87.0,14.8,0.0,100,10.8,3,2026-06-20 08:40:04.062 +0100
17.4,1012,85.0,14.9,0.0,100,11.9,3,2026-06-20 09:00:05.015 +0100
17.6,1013,83.0,14.7,0.0,100,11.9,3,2026-06-20 09:20:03.202 +0100
17.9,1014,80.0,14.4,0.0,100,11.9,3,2026-06-20 09:40:03.461 +0100
18.2,1015,77.0,14.1,0.0,100,11.9,3,2026-06-20 10:00:05.147 +0100
18.2,1016,76.0,13.9,0.0,100,11.9,3,2026-06-20 10:20:03.231 +0100
18.4,1017,74.0,13.7,0.0,100,12.2,3,2026-06-20 10:40:03.368 +0100
18.6,1018,73.0,13.7,0.0,100,11.2,3,2026-06-20 11:00:05.041 +0100
18.8,1019,72.0,13.7,0.0,100,10.8,3,2026-06-20 11:20:03.335 +0100
19.1,1020,70.0,13.5,0.0,100,10.8,3,2026-06-20 11:40:03.572 +0100
20.0,1021,66.0,13.4,0.0,100,11.5,3,2026-06-20 12:00:04.939 +0100
20.2,1022,64.0,13.2,0.0,100,11.9,3,2026-06-20 12:20:03.029 +0100
21.0,1023,59.0,12.7,0.0,100,12.6,3,2026-06-20 12:40:03.271 +0100
21.3,1024,57.0,12.4,0.0,100,12.6,3,2026-06-20 13:00:05.150 +0100
21.4,1025,56.0,12.3,0.0,100,12.2,3,2026-06-20 13:20:03.341 +0100
21.6,1026,54.0,11.9,0.0,100,11.9,3,2026-06-20 13:40:03.581 +0100
21.8,1027,54.0,12.1,0.0,100,9.4,3,2026-06-20 14:00:04.845 +0100
21.9,1028,53.0,11.9,0.0,100,9.0,3,2026-06-20 14:20:04.164 +0100
22.1,1029,52.0,11.8,0.0,100,9.0,3,2026-06-20 14:40:03.380 +0100
22.5,1030,49.0,11.2,0.0,100,9.4,3,2026-06-20 15:00:05.055 +0100
23.0,1031,48.0,11.4,0.0,100,10.8,3,2026-06-20 15:20:03.246 +0100
23.1,1032,48.0,11.5,0.0,100,10.1,3,2026-06-20 15:40:03.486 +0100
23.2,1033,46.0,11.0,0.0,100,9.0,3,2026-06-20 16:00:05.057 +0100
23.3,1034,45.0,10.7,0.0,100,8.6,3,2026-06-20 16:20:03.351 +0100
23.3,1035,46.0,11.1,0.0,100,9.7,3,2026-06-20 16:40:03.592 +0100
23.3,1036,45.0,10.7,0.0,100,10.4,3,2026-06-20 17:00:04.959 +0100
23.3,1037,45.0,10.7,0.0,100,9.7,3,2026-06-20 17:20:03.048 +0100
23.5,1038,42.0,9.9,0.0,89,8.6,3,2026-06-20 17:40:03.186 +0100
23.3,1039,42.0,9.7,0.0,76,8.6,2,2026-06-20 18:00:04.451 +0100
23.1,1040,43.0,9.8,0.0,72,9.7,2,2026-06-20 18:20:03.732 +0100
22.9,1041,43.0,9.6,0.0,74,11.9,2,2026-06-20 18:40:03.906 +0100
22.1,1042,46.0,10.0,0.0,60,15.8,2,2026-06-20 19:00:05.478 +0100
21.8,1043,47.0,10.0,0.0,46,16.2,1,2026-06-20 19:20:03.670 +0100
22.7,1044,45.0,10.1,0.0,54,9.7,2,2026-06-20 19:40:03.910 +0100
21.7,1045,47.0,9.9,0.0,64,13.3,2,2026-06-20 20:00:05.277 +0100
21.4,1046,48.0,9.9,0.0,73,14.0,2,2026-06-20 20:20:03.468 +0100
21.0,1047,49.0,9.9,0.0,86,12.6,3,2026-06-20 20:40:03.706 +0100
20.6,1048,50.0,9.8,0.0,100,11.9,3,2026-06-20 21:00:05.074 +0100
20.2,1049,52.0,10.1,0.0,84,11.5,3,2026-06-20 21:20:03.163 +0100
19.8,1050,54.0,10.3,0.0,55,11.2,2,2026-06-20 21:40:03.302 +0100
19.0,1051,57.0,10.3,0.0,9,10.4,0,2026-06-20 22:00:04.568 +0100
18.9,1052,57.0,10.2,0.0,22,11.2,1,2026-06-20 22:20:03.885 +0100
18.7,1053,57.0,10.0,0.0,21,10.8,1,2026-06-20 22:40:04.226 +0100
18.1,1054,58.0,9.7,0.0,1,10.1,0,2026-06-20 23:00:04.671 +0100
17.9,1055,59.0,9.8,0.0,0,9.4,0,2026-06-20 23:20:03.989 +0100
17.7,1056,59.0,9.6,0.0,0,9.0,0,2026-06-20 23:40:02.999 +0100
17.4,1057,60.0,9.5,0.0,2,7.6,0,2026-06-21 00:00:04.161 +0100
17.2,1058,60.0,9.4,0.0,9,7.6,0,2026-06-21 00:20:03.274 +0100
17.3,1059,60.0,9.5,0.0,29,7.6,1,2026-06-21 00:40:03.410 +0100
17.1,1060,60.0,9.3,0.0,53,7.9,2,2026-06-21 01:00:04.373 +0100
17.0,1061,60.0,9.2,0.0,45,7.9,1,2026-06-21 01:20:03.489 +0100
17.0,1062,61.0,9.4,0.0,12,6.8,0,2026-06-21 01:40:03.726 +0100
16.8,1063,62.0,9.5,0.0,19,6.5,0,2026-06-21 02:00:04.888 +0100
16.7,1064,62.0,9.4,0.0,28,6.5,1,2026-06-21 02:20:04.103 +0100
16.6,1065,63.0,9.5,0.0,39,6.5,1,2026-06-21 02:40:03.202 +0100
16.4,1066,63.0,9.4,0.0,52,6.5,2,2026-06-21 03:00:04.249 +0100
16.5,1067,64.0,9.7,0.0,38,6.5,1,2026-06-21 03:20:03.284 +0100
16.3,1068,66.0,9.9,0.0,23,6.5,1,2026-06-21 03:40:03.428 +0100
16.1,1069,66.0,9.7,0.0,1,6.5,0,2026-06-21 04:00:06.637 +0100
16.0,1070,66.0,9.6,0.0,2,6.5,0,2026-06-21 04:20:03.804 +0100
15.3,1071,68.0,9.4,0.0,2,5.8,0,2026-06-21 04:40:04.043 +0100
15.1,1072,68.0,9.3,0.0,1,5.4,0,2026-06-21 05:00:05.208 +0100
15.1,1073,68.0,9.2,0.0,1,5.4,0,2026-06-21 05:20:03.196 +0100
15.1,1074,69.0,9.4,0.0,16,5.4,0,2026-06-21 05:40:03.331 +0100
15.2,1075,68.0,9.3,0.0,20,5.8,1,2026-06-21 06:00:05.719 +0100
15.1,1076,68.0,9.2,0.0,58,5.8,2,2026-06-21 06:20:03.914 +0100
15.3,1077,68.0,9.4,0.0,74,6.8,2,2026-06-21 06:40:04.154 +0100
15.7,1078,67.0,9.6,0.0,100,6.8,3,2026-06-21 07:00:05.719 +0100
15.9,1079,67.0,9.8,0.0,100,7.2,3,2026-06-21 07:20:03.918 +0100
15.9,1080,69.0,10.2,0.0,100,7.2,3,2026-06-21 07:40:04.261 +0100
16.5,1081,69.0,10.8,0.0,100,7.9,3,2026-06-21 08:00:05.525 +0100
16.8,1082,69.0,11.1,0.0,86,7.6,3,2026-06-21 08:20:03.818 +0100
17.1,1083,72.0,12.0,0.0,44,7.2,1,2026-06-21 08:40:04.160 +0100
17.9,1084,72.0,12.8,0.0,0,6.5,0,2026-06-21 09:00:04.811 +0100
18.2,1085,72.0,13.1,0.0,13,6.1,0,2026-06-21 09:20:04.027 +0100
18.6,1086,72.0,13.4,0.0,44,6.1,1,2026-06-21 09:40:03.138 +0100
19.2,1087,73.0,14.3,0.0,100,6.5,3,2026-06-21 10:00:05.221 +0100
19.6,1088,72.0,14.4,0.0,100,6.5,3,2026-06-21 10:20:03.312 +0100
19.7,1089,72.0,14.5,0.0,98,6.1,3,2026-06-21 10:40:03.449 +0100
20.5,1090,69.0,14.6,0.0,100,5.8,3,2026-06-21 11:00:05.635 +0100
20.8,1091,68.0,14.7,0.0,100,6.1,3,2026-06-21 11:20:03.928 +0100
21.0,1092,67.0,14.7,0.0,100,6.5,3,2026-06-21 11:40:04.272 +0100
22.0,1093,66.0,15.3,0.0,100,7.9,3,2026-06-21 12:00:04.824 +0100
22.3,1094,64.0,15.2,0.0,100,7.6,3,2026-06-21 12:20:04.038 +0100
23.0,1095,58.0,14.3,0.0,100,4.7,3,2026-06-21 12:40:03.254 +0100
23.6,1096,55.0,14.0,0.0,100,5.0,3,2026-06-21 13:00:05.542 +0100
23.9,1097,54.0,14.0,0.0,100,5.4,3,2026-06-21 13:20:04.042 +0100
24.3,1098,51.0,13.6,0.0,100,5.8,3,2026-06-21 13:40:03.360 +0100
24.8,1099,49.0,13.4,0.0,100,5.4,3,2026-06-21 14:00:05.239 +0100
25.0,1100,48.0,13.3,0.0,91,5.4,3,2026-06-21 14:20:03.840 +0100
25.3,1101,45.0,12.5,0.0,69,5.8,2,2026-06-21 14:40:04.488 +0100
25.9,1102,44.0,12.8,0.0,56,5.0,2,2026-06-21 15:00:05.444 +0100
26.1,1103,43.0,12.6,0.0,55,5.0,2,2026-06-21 15:20:03.743 +0100
26.1,1104,43.0,12.6,0.0,63,4.0,2,2026-06-21 15:40:04.392 +0100
26.4,1105,42.0,12.5,0.0,63,4.7,2,2026-06-21 16:00:05.042 +0100
26.5,1106,43.0,12.9,0.0,69,6.5,2,2026-06-21 16:20:03.234 +0100
26.5,1107,45.0,13.6,0.0,73,6.5,2,2026-06-21 16:40:03.372 +0100
26.6,1108,45.0,13.7,0.0,79,7.6,2,2026-06-21 17:00:04.942 +0100
26.6,1109,46.0,14.0,0.0,81,7.9,3,2026-06-21 17:20:03.032 +0100
26.4,1110,47.0,14.2,0.0,83,8.3,3,2026-06-21 17:40:03.272 +0100
26.0,1111,51.0,15.1,0.0,66,10.4,2,2026-06-21 18:00:04.742 +0100
26.0,1112,52.0,15.4,0.0,63,10.8,2,2026-06-21 18:20:03.957 +0100
25.6,1113,56.0,16.2,0.0,63,12.2,2,2026-06-21 18:40:03.070 +0100
25.3,1114,58.0,16.4,0.0,45,13.0,1,2026-06-21 19:00:04.847 +0100
25.2,1115,59.0,16.6,0.0,54,13.0,2,2026-06-21 19:20:04.165 +0100
25.6,1116,55.0,15.9,0.0,54,10.8,2,2026-06-21 19:40:03.381 +0100
25.6,1117,54.0,15.6,0.0,57,10.1,2,2026-06-21 20:00:04.645 +0100
25.4,1118,55.0,15.7,0.0,59,10.8,2,2026-06-21 20:20:03.860 +0100
25.1,1119,58.0,16.3,0.0,63,12.2,2,2026-06-21 20:40:04.205 +0100
24.0,1120,64.0,16.8,0.0,59,15.1,2,2026-06-21 21:00:04.548 +0100
23.6,1121,66.0,16.9,0.0,58,15.1,2,2026-06-21 21:20:14.517 +0100
23.2,1122,67.0,16.8,0.0,57,14.8,2,2026-06-21 21:40:03.696 +0100
22.8,1123,69.0,16.9,0.0,33,14.0,1,2026-06-21 22:00:04.960 +0100
22.4,1124,70.0,16.7,0.0,64,14.0,2,2026-06-21 22:20:03.051 +0100
22.0,1125,71.0,16.5,0.0,77,14.4,2,2026-06-21 22:40:03.189 +0100
21.3,1126,73.0,16.3,0.0,100,14.8,3,2026-06-21 23:00:04.659 +0100
21.1,1127,74.0,16.3,0.0,100,14.8,3,2026-06-21 23:20:03.869 +0100
21.0,1128,74.0,16.2,0.0,100,13.7,3,2026-06-21 23:40:04.111 +0100
20.6,1129,75.0,16.1,0.0,100,13.7,3,2026-06-22 00:00:04.559 +0100
20.5,1130,76.0,16.1,0.0,96,13.7,3,2026-06-22 00:20:03.876 +0100
20.3,1131,77.0,16.2,0.0,98,13.3,3,2026-06-22 00:40:04.115 +0100
20.1,1132,77.0,16.0,0.0,100,13.7,3,2026-06-22 01:00:04.156 +0100
20.0,1133,77.0,15.8,0.0,100,14.0,3,2026-06-22 01:20:03.268 +0100
19.8,1134,79.0,16.0,0.0,100,14.0,3,2026-06-22 01:40:03.405 +0100
19.5,1135,80.0,15.9,0.0,100,13.7,3,2026-06-22 02:00:04.259 +0100
19.3,1136,81.0,16.0,0.0,100,13.3,3,2026-06-22 02:20:03.371 +0100
19.2,1137,81.0,15.9,0.0,100,12.2,3,2026-06-22 02:40:03.509 +0100
18.5,1138,84.0,15.8,0.0,23,11.9,1,2026-06-22 03:00:04.465 +0100
18.4,1139,84.0,15.6,0.0,16,11.9,0,2026-06-22 03:20:03.579 +0100
18.5,1140,86.0,16.1,0.0,75,11.5,2,2026-06-22 03:40:03.818 +0100
18.2,1141,86.0,15.9,0.0,70,11.2,2,2026-06-22 04:00:06.208 +0100
18.1,1142,86.0,15.7,0.0,63,11.2,2,2026-06-22 04:20:03.379 +0100
17.7,1143,87.0,15.5,0.0,60,11.2,2,2026-06-22 04:40:03.518 +0100
17.4,1144,87.0,15.2,0.0,36,11.2,1,2026-06-22 05:00:05.716 +0100
17.2,1145,86.0,14.9,0.0,32,11.2,1,2026-06-22 05:20:03.998 +0100
17.1,1146,86.0,14.8,0.0,17,11.5,0,2026-06-22 05:40:03.110 +0100
16.9,1147,84.0,14.2,0.0,0,11.5,0,2026-06-22 06:00:05.501 +0100
16.9,1148,83.0,14.0,0.0,0,11.2,0,2026-06-22 06:20:03.693 +0100
16.9,1149,83.0,14.0,0.0,0,10.8,0,2026-06-22 06:40:03.933 +0100
17.1,1150,81.0,13.8,0.0,0,10.8,0,2026-06-22 07:00:05.504 +0100
17.2,1151,80.0,13.8,0.0,0,11.2,0,2026-06-22 07:20:03.696 +0100
17.4,1152,78.0,13.6,0.0,0,11.2,0,2026-06-22 07:40:03.936 +0100
17.9,1153,75.0,13.4,0.0,0,12.2,0,2026-06-22 08:00:05.406 +0100
18.2,1154,73.0,13.3,0.0,1,12.6,0,2026-06-22 08:20:03.598 +0100
18.8,1155,69.0,13.0,0.0,0,13.3,0,2026-06-22 08:40:03.839 +0100
19.5,1156,65.0,12.8,0.0,0,13.0,0,2026-06-22 09:00:05.410 +0100
19.9,1157,63.0,12.7,0.0,0,13.0,0,2026-06-22 09:20:03.602 +0100
20.3,1158,62.0,12.8,0.0,0,12.6,0,2026-06-22 09:40:03.944 +0100
21.1,1159,60.0,13.0,0.0,0,13.0,0,2026-06-22 10:00:05.208 +0100
21.5,1160,59.0,13.2,0.0,0,13.3,0,2026-06-22 10:20:03.297 +0100
21.9,1161,59.0,13.6,0.0,0,13.0,0,2026-06-22 10:40:03.436 +0100
22.9,1162,57.0,13.9,0.0,0,14.0,0,2026-06-22 11:00:05.716 +0100
23.3,1163,56.0,14.1,0.0,0,14.4,0,2026-06-22 11:20:04.016 +0100
23.7,1164,56.0,14.4,0.0,1,14.4,0,2026-06-22 11:40:03.218 +0100
24.5,1165,54.0,14.6,0.0,0,14.8,0,2026-06-22 12:00:05.188 +0100
24.9,1166,53.0,14.7,0.0,0,15.1,0,2026-06-22 12:20:03.406 +0100
25.3,1167,51.0,14.5,0.0,0,15.8,0,2026-06-22 12:40:03.555 +0100
26.1,1168,49.0,14.5,0.0,0,16.6,0,2026-06-22 13:00:05.128 +0100
26.4,1169,48.0,14.5,0.0,20,16.6,1,2026-06-22 13:20:03.414 +0100
26.6,1170,47.0,14.4,0.0,51,15.1,2,2026-06-22 13:40:03.640 +0100
27.1,1171,46.0,14.5,0.0,100,14.8,3,2026-06-22 14:00:05.100 +0100
27.4,1172,45.0,14.4,0.0,100,14.4,3,2026-06-22 14:20:03.311 +0100
27.7,1173,44.0,14.3,0.0,99,14.4,3,2026-06-22 14:40:03.559 +0100
28.2,1174,43.0,14.4,0.0,100,14.4,3,2026-06-22 15:00:05.238 +0100
28.4,1175,42.0,14.2,0.0,100,14.4,3,2026-06-22 15:20:03.424 +0100
28.8,1176,41.0,14.2,0.0,100,15.5,3,2026-06-22 15:40:03.556 +0100
29.0,1177,41.0,14.4,0.0,100,15.5,3,2026-06-22 16:00:04.916 +0100
29.0,1178,41.0,14.5,0.0,100,15.1,3,2026-06-22 16:20:04.229 +0100
29.2,1179,41.0,14.6,0.0,99,15.5,3,2026-06-22 16:40:03.458 +0100
29.2,1180,41.0,14.6,0.0,100,15.1,3,2026-06-22 17:00:05.035 +0100
29.2,1181,41.0,14.6,0.0,99,14.8,3,2026-06-22 17:20:03.025 +0100
