id,device_id,humidity,temperature,received_at,linkquality,comfort_humidity_min,comfort_temperature_max,comfort_humidity_max,comfort_temperature_min,humidity_calibration,temperature_calibration,temperature_units,idempotency_key,battery
2,0,45.3,22.8,2026-04-05 02:44:19.872 +0100,54,40.0,27.0,60.0,19.0,0.0,0.0,celsius,c090d0b491ce1206627b2126e7ab6be5226edeb6806deb46047503495b9ced61,100.0
4,0,48.1,22.8,2026-04-05 02:49:41.817 +0100,27,40.0,27.0,60.0,19.0,0.0,0.0,celsius,6b87722c60389eb24b0a7bcba70ce8e141cc34ab2263bcf30bca2651fa3e9a88,100.0
6,0,53.6,22.8,2026-04-05 02:49:51.752 +0100,18,40.0,27.0,60.0,19.0,0.0,0.0,celsius,c391e419854133b79e843d22c706729c6d32dfc8abb1b3339efa61fc217f6304,100.0
8,0,53.3,22.8,2026-04-05 02:50:01.740 +0100,48,40.0,27.0,60.0,19.0,0.0,0.0,celsius,2b4fa847653dbf3a01344c45a91e808cea1ee9fb3b882b489cc3eff5c3ddb0ac,100.0
10,0,47.7,22.8,2026-04-05 02:50:11.725 +0100,45,40.0,27.0,60.0,19.0,0.0,0.0,celsius,fd1f84a4cb954c7fc834d9a92bae943e5193272035ebf8b6af5342e10c124235,100.0
12,0,46.6,22.8,2026-04-05 02:50:21.716 +0100,54,40.0,27.0,60.0,19.0,0.0,0.0,celsius,156f3e4e2f67aebb954107ddd1f1cc24efa2db2fd58fd3afd52607a417ea0d69,100.0
14,0,45.6,22.8,2026-04-05 02:53:13.088 +0100,24,40.0,27.0,60.0,19.0,0.0,0.0,celsius,239518cb46c1d09f53eb5e364a6163b55c25d5a7aa5d9eddc0283488675d2182,100.0
16,0,46.6,22.8,2026-04-05 02:57:09.496 +0100,51,40.0,27.0,60.0,19.0,0.0,0.0,celsius,a2bbb2a2159a9f0667c5a55fb0a05e213915485819cd4488a70a9c6d13144b30,100.0
20,0,47.6,22.8,2026-04-05 03:06:37.868 +0100,30,40.0,27.0,60.0,19.0,0.0,0.0,celsius,5593a51de8a9995c1ebf40dc9d56b0db7403670a3fb5932142dd5691e86b5d63,100.0
22,0,46.6,22.8,2026-04-05 03:08:13.443 +0100,30,40.0,27.0,60.0,19.0,0.0,0.0,celsius,5be001778cda2ac9e501a2811d5cf9d85f821dca4f3650eb12a7dac589d05659,100.0
24,0,45.6,22.8,2026-04-05 03:38:34.233 +0100,30,40.0,27.0,60.0,19.0,0.0,0.0,celsius,3cb9ba399df485e8ec8db70dbd1eabfc1893e15a8e81b157bd17596da0653135,100.0
28,0,45.6,22.8,2026-04-05 04:05:28.800 +0100,33,40.0,27.0,60.0,19.0,0.0,0.0,celsius,4f4d5e2bf6cbb11006b9d139da7300058c3f920aa5e744f71eaea773efafa169,100.0
30,0,45.6,23.2,2026-04-05 04:06:00.178 +0100,33,40.0,27.0,60.0,19.0,0.0,0.0,celsius,c71ac638082489305d6fe6375277118e478683b0e4e6dfa60d88959647972112,100.0
34,0,45.6,23.4,2026-04-05 05:05:55.194 +0100,33,40.0,27.0,60.0,19.0,0.0,0.0,celsius,be343e9bf559c4479951e9f542b4b29593dd84ac6ed7f8303d7d1351ee10e0e3,100.0
36,0,46.6,23.4,2026-04-05 05:45:19.025 +0100,30,40.0,27.0,60.0,19.0,0.0,0.0,celsius,faefb122070b468f94801a0090fd40e13df91b8f05f36fa2f8548e1a5282de34,100.0
38,0,46.6,23.6,2026-04-05 06:05:50.182 +0100,30,40.0,27.0,60.0,19.0,0.0,0.0,celsius,cef4606891f2e878b295f1d0e33b3e409a6fa92e29f6ccc6bf218729f1cbc7e7,100.0
40,0,47.6,23.6,2026-04-05 06:24:37.882 +0100,30,40.0,27.0,60.0,19.0,0.0,0.0,celsius,55c37560f5f8803802633de2217ec6d280e44a7df3450c0b81e08fce192debd6,100.0
42,0,47.6,23.8,2026-04-05 07:05:45.119 +0100,30,40.0,27.0,60.0,19.0,0.0,0.0,celsius,99916b4ca6e471f600ace98c752bce09c90a64d303de23249babb8412a5e4bf7,100.0
44,0,47.6,23.8,2026-04-05 07:24:32.745 +0100,27,40.0,27.0,60.0,19.0,0.0,0.0,celsius,3213549e9cba42bec8c30fcd690636faae298233a3ceb8345559bf3ac044019c,100.0
46,0,47.6,24.0,2026-04-05 08:05:39.918 +0100,24,40.0,27.0,60.0,19.0,0.0,0.0,celsius,0fc83200cb2544b29028e49f3170656b35d5fde600025dbb632094611b3247c6,100.0
48,0,48.6,24.0,2026-04-05 08:24:24.785 +0100,51,40.0,27.0,60.0,19.0,0.0,0.0,celsius,9a767a0fea7342c706bdaf20a408c5d9790c0e96059100bb4a419212cb192251,100.0
50,0,49.6,24.0,2026-04-05 08:27:15.797 +0100,12,40.0,27.0,60.0,19.0,0.0,0.0,celsius,3ee073542dbe4f2bf1acdeb959f65f978426864e025fb35aa5ec49894a7fa7b4,100.0
52,0,50.9,24.0,2026-04-05 08:27:45.979 +0100,42,40.0,27.0,60.0,19.0,0.0,0.0,celsius,8e1090124562617edc6c8d53b6fdc3b2b10170dcc8fc17ddc04b56623120b455,100.0
54,0,53.2,24.0,2026-04-05 08:27:56.048 +0100,51,40.0,27.0,60.0,19.0,0.0,0.0,celsius,1b397c4481c7054f8ab2e9b2713739180a16b5c38a3b4cfac4ad89b4693414df,100.0
56,0,58.8,24.0,2026-04-05 08:28:06.022 +0100,45,40.0,27.0,60.0,19.0,0.0,0.0,celsius,a70f956ad0dcacc134e983ec276e8a3305202c0ed063e2ce4f795211d755e77e,100.0
58,0,55.9,24.0,2026-04-05 08:28:16.009 +0100,3,40.0,27.0,60.0,19.0,0.0,0.0,celsius,ef1622d5bbb103df0e473d1b780acf1fe198059e983b07b16514894e73d21c0b,100.0
60,0,59.4,24.0,2026-04-05 08:28:25.995 +0100,54,40.0,27.0,60.0,19.0,0.0,0.0,celsius,ae0c885412c4271e10f21e65f7cb2c290cf52793047714e9d495ec1bc67b71a6,100.0
62,0,61.2,24.0,2026-04-05 08:28:35.982 +0100,21,40.0,27.0,60.0,19.0,0.0,0.0,celsius,5cded30aff3ad5f32e021376cc9ff5da7e2a2d6c06bfa4abe6898880f6d7ba06,100.0
64,0,64.4,24.0,2026-04-05 08:28:45.967 +0100,24,40.0,27.0,60.0,19.0,0.0,0.0,celsius,faa8b78a482ae8f1568a55c839cbf91b7013426ec2677f8cb4081a581f1042d0,100.0
66,0,66.6,24.0,2026-04-05 08:29:01.512 +0100,33,40.0,27.0,60.0,19.0,0.0,0.0,celsius,698197117eba802aceabfac0deeb492375dad2ceba220dd7e1cae5def477ba11,100.0
68,0,68.2,24.0,2026-04-05 08:29:11.544 +0100,18,40.0,27.0,60.0,19.0,0.0,0.0,celsius,09b34302c5eaab32f96543c22b9a21dc5a56ee3f7aaced38ec189951567dfeaa,100.0
70,0,70.2,24.0,2026-04-05 08:29:21.476 +0100,24,40.0,27.0,60.0,19.0,0.0,0.0,celsius,03db7c3927b8fd1bc0da28650af1f1a1ecf4dbeb06d0340670bef3709aa6eaa4,100.0
72,0,71.6,24.0,2026-04-05 08:29:41.782 +0100,42,40.0,27.0,60.0,19.0,0.0,0.0,celsius,ae6cb8ca5404b0fa66acc9e7a9d511be5bc5acf9b8a5a12ce434575099efab57,100.0
74,0,73.2,24.0,2026-04-05 08:29:51.848 +0100,21,40.0,27.0,60.0,19.0,0.0,0.0,celsius,8b2e3d847b437d9c28110fe7f187dcec6ff7e5d359f993dcfe5b6d5cb3204154,100.0
76,0,74.5,24.0,2026-04-05 08:30:01.824 +0100,39,40.0,27.0,60.0,19.0,0.0,0.0,celsius,530e160e342d741fb49324c896a6198b023262cc434dd30097d35bb5ffb57ac7,100.0
78,0,75.6,24.0,2026-04-05 08:30:11.983 +0100,30,40.0,27.0,60.0,19.0,0.0,0.0,celsius,c96cb7cde2c0480b7e21d23ee4c49afb29860f35817a2d76a77770636fdc761f,100.0
80,0,76.7,24.0,2026-04-05 08:30:32.109 +0100,36,40.0,27.0,60.0,19.0,0.0,0.0,celsius,2072e12c446dea57bd099b7d05934ebfd4671b91f0eb32f1b7319ca0a9589e1b,100.0
82,0,77.9,24.0,2026-04-05 08:30:42.086 +0100,27,40.0,27.0,60.0,19.0,0.0,0.0,celsius,637cf070640b13d7d838b397c83b97f46c9691953d5cd4cd2b8215fe59efde76,100.0
84,0,79.4,24.0,2026-04-05 08:30:52.070 +0100,48,40.0,27.0,60.0,19.0,0.0,0.0,celsius,a26d34d8889ec64e889c0faa6be2e0dac91cb2bdf5b2ebbac5d2596aff2ea5b1,100.0
86,0,80.4,24.0,2026-04-05 08:31:42.553 +0100,24,40.0,27.0,60.0,19.0,0.0,0.0,celsius,0dea2c8a47c157fa067b7fc55ddc94ccc82b5de7fbb0473a8efcda5c02472141,100.0
88,0,79.2,24.0,2026-04-05 08:32:07.724 +0100,33,40.0,27.0,60.0,19.0,0.0,0.0,celsius,0afb9dd8a41a72a18d1cee33fbb6720a68c48eaf38decb8096be60ad9fe42493,100.0
90,0,78.0,24.0,2026-04-05 08:32:17.778 +0100,42,40.0,27.0,60.0,19.0,0.0,0.0,celsius,21c976302f4fc856be11b843344cddbce9948d136d66311452448ee81e108aae,100.0
92,0,76.5,24.0,2026-04-05 08:33:23.165 +0100,27,40.0,27.0,60.0,19.0,0.0,0.0,celsius,236e5f8ecc061ac280ce7d87cb7b95491ab265c8188d29a66fdfdc6e8fb40650,100.0
94,0,75.5,24.0,2026-04-05 08:34:38.615 +0100,33,40.0,27.0,60.0,19.0,0.0,0.0,celsius,8746bddfe18d2980071bebd4d7bd24e0ec4f7ae30bea5c033760d53a437ca3d3,100.0
96,0,74.5,24.0,2026-04-05 08:34:58.740 +0100,36,40.0,27.0,60.0,19.0,0.0,0.0,celsius,f887a28c66adbabca99ba945d7cebf0df50d3090344fac33529323d7d073969d,100.0
98,0,73.3,24.0,2026-04-05 08:35:28.918 +0100,51,40.0,27.0,60.0,19.0,0.0,0.0,celsius,6de8346295f355d46f9a7651f5eb716657e5503422a47b4f6a8995a274f165ba,100.0
100,0,72.1,24.0,2026-04-05 08:36:19.217 +0100,51,40.0,27.0,60.0,19.0,0.0,0.0,celsius,1fca10837544a95ef11ca925936be4560631f3fe287ad9bdbd4cdee297aee3a1,100.0
102,0,71.1,24.0,2026-04-05 08:36:54.437 +0100,48,40.0,27.0,60.0,19.0,0.0,0.0,celsius,165dab82c4f6b5e118b33ae68d5dd27a1e83f9ada60b2e81156df3c55fdc8343,100.0
104,0,70.0,24.0,2026-04-05 08:37:39.709 +0100,48,40.0,27.0,60.0,19.0,0.0,0.0,celsius,16a6acf3436d42a7b298246a2dcff6dcbd2dfb78a800cbb35bec279d21f80d41,100.0
106,0,69.0,24.0,2026-04-05 08:38:45.098 +0100,51,40.0,27.0,60.0,19.0,0.0,0.0,celsius,43f4fd3c72cb04bf4c7fbfd17d521dedb9ef520f1e6f9c9773425c4f75ea592f,100.0
108,0,67.9,24.0,2026-04-05 08:38:55.167 +0100,48,40.0,27.0,60.0,19.0,0.0,0.0,celsius,faaa3f6b18d160876eb0f7f005a2c4799ecaf2fc05d60204d7cf9aa467b3db9d,100.0
110,0,66.9,24.0,2026-04-05 08:42:11.321 +0100,48,40.0,27.0,60.0,19.0,0.0,0.0,celsius,7e606c7d45ef36579c1ea2e192e8893d82cfe6f016952546a1473bdba77b7213,100.0
112,0,65.6,24.0,2026-04-05 08:48:43.617 +0100,48,40.0,27.0,60.0,19.0,0.0,0.0,celsius,09ca1c23da7aa44afe3d248b4e09c27729088c5bfd7a025b70b43098c5a23b0f,100.0
114,0,64.6,24.0,2026-04-05 08:48:58.712 +0100,45,40.0,27.0,60.0,19.0,0.0,0.0,celsius,1fef542dd57a373e6cf7fa3f16834664f23686edbb468f930a8aebed39ae1429,100.0
116,0,63.6,24.0,2026-04-05 08:49:13.813 +0100,54,40.0,27.0,60.0,19.0,0.0,0.0,celsius,afb2492f214e48eeac8a79b05134bfd28a44a6471b3a2fbd8b71a68e5e2993a0,100.0
118,0,62.5,24.0,2026-04-05 08:49:38.970 +0100,54,40.0,27.0,60.0,19.0,0.0,0.0,celsius,fbc9e8fce65ce16bbe9c6ee3f4b37845afb962c211adb20b42fae4ec10168823,100.0
120,0,61.4,24.0,2026-04-05 08:49:59.089 +0100,51,40.0,27.0,60.0,19.0,0.0,0.0,celsius,ddf706561540fd15ed25cce4c4c9ca569de1425f4d81d0dfdabd42a134f624cc,100.0
122,0,60.3,24.0,2026-04-05 08:50:14.184 +0100,54,40.0,27.0,60.0,19.0,0.0,0.0,celsius,c1583d0fea740ee40274f5312d9afcfd1e1dbb0bd21025165781750d16412429,100.0
124,0,59.2,24.0,2026-04-05 08:50:39.346 +0100,54,40.0,27.0,60.0,19.0,0.0,0.0,celsius,1acaf3464ef37c4b3dd088305ec34a5f66e1408e619b00766ced793bd27c9d3d,100.0
126,0,58.2,24.0,2026-04-05 08:50:54.449 +0100,30,40.0,27.0,60.0,19.0,0.0,0.0,celsius,1b76c1f79810f018c11218d14f2d9ab3e474bf257b1633dcb5f9de56f0dcea13,100.0
128,0,57.1,24.0,2026-04-05 08:51:14.560 +0100,54,40.0,27.0,60.0,19.0,0.0,0.0,celsius,5c4e3a8f4818a5f3643b62cce702bebc31b1bd12d732db784790e8c8c60b6253,100.0
130,0,56.1,24.0,2026-04-05 08:51:29.664 +0100,51,40.0,27.0,60.0,19.0,0.0,0.0,celsius,0132af022f9f7f2d88e2cbd88fb315267d0e81ebb46a58cdf6f7596e5a5d1614,100.0
132,0,55.1,24.0,2026-04-05 08:52:19.960 +0100,54,40.0,27.0,60.0,19.0,0.0,0.0,celsius,77d56d4a263a739e56fe5c0c2ef3c0c342d39036c3eb0c33cdd10e3d5db24acd,100.0
134,0,54.1,24.0,2026-04-05 08:53:35.411 +0100,42,40.0,27.0,60.0,19.0,0.0,0.0,celsius,469197791afeece8678d5c7b1c1ee4f621ec1cfada098ba01f76f0e674a62b3b,100.0
136,0,53.1,24.0,2026-04-05 08:56:21.383 +0100,12,40.0,27.0,60.0,19.0,0.0,0.0,celsius,6bab587aa1e251f94c0132c0e40a9ffa730f060d22dbb125beeb8b540bcd9021,100.0
138,0,52.1,24.0,2026-04-05 08:59:57.653 +0100,36,40.0,27.0,60.0,19.0,0.0,0.0,celsius,faf10bc2fe80c27c5b17d988e77237a7e5cb8a6cebe3aa067d862d0250e74286,100.0
140,0,51.1,24.0,2026-04-05 09:05:19.548 +0100,33,40.0,27.0,60.0,19.0,0.0,0.0,celsius,752b511e175b224897c1ce07d8d47fbab9a7f6acc3244ed562d48e1d621e31d5,100.0
142,0,51.1,24.0,2026-04-05 09:05:34.713 +0100,30,40.0,27.0,60.0,19.0,0.0,0.0,celsius,ec99bf991aad771670b3fada1a8eb19314918b9cab963e91fe00e7043e50f2d4,100.0
144,0,50.1,24.0,2026-04-05 09:13:17.330 +0100,45,40.0,27.0,60.0,19.0,0.0,0.0,celsius,e3a7c189fe9a81ed8749ea93c444c8d8837401e271f65d72df50a40a0cf44908,100.0
146,0,49.1,24.0,2026-04-05 09:17:48.925 +0100,18,40.0,27.0,60.0,19.0,0.0,0.0,celsius,1ff957a300b3cecc659d5c062b6050753413208247d32dab735ceb8beb544005,100.0
148,0,48.1,24.0,2026-04-05 09:33:04.282 +0100,51,40.0,27.0,60.0,19.0,0.0,0.0,celsius,f55717b336274590b6ff5330ddb21ebbb30043055cd172e345446fbada99dc4f,100.0
151,0,48.1,24.0,2026-04-05 09:45:28.185 +0100,36,40.0,27.0,60.0,19.0,0.0,0.0,celsius,d90b5ed0a0cc3ecad3a829633cf4c68c902ec6f04851cee953afb81c49922ed3,100.0
152,0,48.2,23.6,2026-04-05 09:45:28.195 +0100,36,40.0,27.0,60.0,19.0,0.0,0.0,celsius,bfa7be87bde1b418d20e555ab5f594a88577d44bb0c27f6ba143257951ec9e1d,100.0
153,0,48.2,24.0,2026-04-05 09:45:28.194 +0100,36,40.0,27.0,60.0,19.0,0.0,0.0,celsius,fdd25b3f60fcbdb95edd5a1da3d72bd2557d23417d1db3dd454036744435622f,100.0
157,0,48.2,23.4,2026-04-05 09:47:24.337 +0100,39,40.0,27.0,60.0,19.0,0.0,0.0,celsius,90f506a519b3357161ec8b012071c924a070b78ecc8896d53fd3f102bb171179,100.0
159,0,49.4,23.4,2026-04-05 09:52:00.949 +0100,51,40.0,27.0,60.0,19.0,0.0,0.0,celsius,838c435c25a37b8b19d24703ee0d2a20c69e8b41c3ab41e8523777c9b5f8623b,100.0
161,0,52.2,23.4,2026-04-05 09:52:11.014 +0100,54,40.0,27.0,60.0,19.0,0.0,0.0,celsius,a2c56fc9e29f2b93137f60f16c8122f241fd9d2e798b4af92712b8d6924c567d,100.0
163,0,53.4,23.4,2026-04-05 09:52:21.082 +0100,51,40.0,27.0,60.0,19.0,0.0,0.0,celsius,711fb93aa3e3c4aa8fe8bbb8f43652cad81176c099fa41bd5b41ed6756a459eb,100.0
165,0,54.7,23.4,2026-04-05 09:52:26.105 +0100,51,40.0,27.0,60.0,19.0,0.0,0.0,celsius,ff44b1af4755e97a203e3ce796696d39837e1c678ffc3b721d0f558417c238cf,100.0
167,0,56.2,23.4,2026-04-05 09:52:31.143 +0100,51,40.0,27.0,60.0,19.0,0.0,0.0,celsius,cf9afa5a310c979a4a7adb7b709e62d204d0515b334655dbf87819262e3c0880,100.0
169,0,54.9,23.4,2026-04-05 09:52:46.299 +0100,36,40.0,27.0,60.0,19.0,0.0,0.0,celsius,52f5f23bfaa1c59cb810b20a95acf261e4d0c2352b5eb3b85143cf2d1d15216c,100.0
171,0,59.1,23.4,2026-04-05 09:52:56.318 +0100,39,40.0,27.0,60.0,19.0,0.0,0.0,celsius,58d29323c5162d5235748a2c78985212d2082cbf3963e82c6159515d13dd32b5,100.0
173,0,61.2,23.4,2026-04-05 09:53:01.349 +0100,0,40.0,27.0,60.0,19.0,0.0,0.0,celsius,fd75b9ce7ecc271787d4c59602f439847e7ad98d53ddea96a74fa722da3b5d69,100.0
175,0,62.4,23.4,2026-04-05 09:53:06.387 +0100,39,40.0,27.0,60.0,19.0,0.0,0.0,celsius,2bebcd7590cc9ac18776e054afc556682f96cfc4267ac1e2855e3a1bb2b40d18,100.0
177,0,63.5,23.4,2026-04-05 09:53:16.463 +0100,30,40.0,27.0,60.0,19.0,0.0,0.0,celsius,b5061eac604b7866e7d542fe9b82cd41dec4ed5b544c5c5218b60be4174e75df,100.0
179,0,65.7,23.4,2026-04-05 09:53:26.529 +0100,27,40.0,27.0,60.0,19.0,0.0,0.0,celsius,2ff52bd7ce9c69684bd4155c8baed19ccb88a736ee05e9749958506c380b29d5,100.0
181,0,67.3,23.4,2026-04-05 09:53:31.556 +0100,48,40.0,27.0,60.0,19.0,0.0,0.0,celsius,3410bb7e80177a24056cda29afccfb0340d84e4ca99edd30ec465b478b380a13,100.0
183,0,69.0,23.4,2026-04-05 09:53:41.635 +0100,39,40.0,27.0,60.0,19.0,0.0,0.0,celsius,6eaaeb2222e451b50763923910a44591c3d4aa2b81fd52a1e6373f71a6d2f9f4,100.0
185,0,71.0,23.4,2026-04-05 09:53:51.700 +0100,30,40.0,27.0,60.0,19.0,0.0,0.0,celsius,c8eb62aecb9bcf5f9d0a34165a219255422b7f8c8dc78fdb97ae8716aba94bab,100.0
187,0,71.0,23.6,2026-04-05 09:54:01.793 +0100,42,40.0,27.0,60.0,19.0,0.0,0.0,celsius,4c11c4c1663c33de0fe407c2d635396febb03eaf9143c558687cb0c5bea6fa89,100.0
188,0,70.0,23.6,2026-04-05 09:54:01.793 +0100,42,40.0,27.0,60.0,19.0,0.0,0.0,celsius,702c77de5742d6fc3ce849aaaa84c2f961dfceb561031bc60ff04ea8f10f6b18,100.0
191,0,71.3,23.6,2026-04-05 09:54:16.883 +0100,21,40.0,27.0,60.0,19.0,0.0,0.0,celsius,88259f0821011afadfdf33939c126b79490268398110a11e624e2b5490311271,100.0
193,0,73.4,23.6,2026-04-05 09:54:21.893 +0100,30,40.0,27.0,60.0,19.0,0.0,0.0,celsius,eb9c2369b9cd343cb646630b5caca11cfa8f88da4c62c4d424e959dda79cbade,100.0
195,0,74.8,23.6,2026-04-05 09:54:52.093 +0100,45,40.0,27.0,60.0,19.0,0.0,0.0,celsius,c98f5e4b44fb5d9d2ed30f49ec0156b74cb5cb47b200305dfc7fbe78a43caea4,100.0
197,0,75.9,23.6,2026-04-05 09:55:02.160 +0100,42,40.0,27.0,60.0,19.0,0.0,0.0,celsius,550f2a5f3f589e216ef7e8475fff279614c5d5c4c7b79dc0cd9cdc543016fc66,100.0
199,0,77.0,23.6,2026-04-05 09:55:07.186 +0100,45,40.0,27.0,60.0,19.0,0.0,0.0,celsius,5407aacca2c5db6d6ece14213a9573715943f5c79c8f58df01b570cc031239ab,100.0
201,0,78.2,23.6,2026-04-05 09:55:27.327 +0100,51,40.0,27.0,60.0,19.0,0.0,0.0,celsius,2b9f02dad8a179c8194ab288dab3fab6916761c43d390c3fc85904b8098d03d4,100.0
203,0,78.2,23.8,2026-04-05 09:55:47.454 +0100,54,40.0,27.0,60.0,19.0,0.0,0.0,celsius,c319f9d3729089e2cffb445fd083350e74bd0ba076cb6682114432f8eb32d74a,100.0
205,0,79.9,23.8,2026-04-05 09:55:52.478 +0100,54,40.0,27.0,60.0,19.0,0.0,0.0,celsius,88c4ba8b2c3342f92f18193267915a98171eb6a8a200f7b54d599cbc8ca4cd9f,100.0
207,0,81.1,23.8,2026-04-05 09:56:07.588 +0100,39,40.0,27.0,60.0,19.0,0.0,0.0,celsius,e09e9ed14750bcf68a1edf5ef2e780320811f49905fe75208fa1c8cebd42da8c,100.0
209,0,82.1,23.8,2026-04-05 09:56:27.707 +0100,48,40.0,27.0,60.0,19.0,0.0,0.0,celsius,3f3cb4c7d49b3a6194c3828f7cc426cdcadfe912b19b050484f4723a2b138dcf,100.0
211,0,83.3,23.8,2026-04-05 09:56:42.813 +0100,51,40.0,27.0,60.0,19.0,0.0,0.0,celsius,90dfdabd9b99709baf35a1f6ff25906b2cb6c647d3bc4e063b3d9198750e957b,100.0
213,0,84.5,23.8,2026-04-05 09:57:02.931 +0100,51,40.0,27.0,60.0,19.0,0.0,0.0,celsius,5804c794b034231740470399abebea7d91b400ffb1862102c8ac8418e36de2dd,100.0
215,0,84.5,24.0,2026-04-05 09:57:18.026 +0100,57,40.0,27.0,60.0,19.0,0.0,0.0,celsius,79e407807961a0706045e74fa28af841bceaebf9f9a4ace0b8afbd521cb8391a,100.0
217,0,85.5,24.0,2026-04-05 09:57:28.093 +0100,30,40.0,27.0,60.0,19.0,0.0,0.0,celsius,308982aa34b06cbddf6e2a0b1f8f006778d75f60f1e0104799ff8ffe2518d43a,100.0
219,0,86.5,24.0,2026-04-05 09:57:48.223 +0100,42,40.0,27.0,60.0,19.0,0.0,0.0,celsius,667b6531622178ca1f5ec659c7d6a445edcc1f08fc76f8e66938202e3f0736e6,100.0
221,0,86.5,24.2,2026-04-05 09:58:23.434 +0100,42,40.0,27.0,60.0,19.0,0.0,0.0,celsius,1cf549eabcb1348e810177faed834036d82dc4493fce126bba74f3e71d079a97,100.0
223,0,87.6,24.2,2026-04-05 09:58:33.512 +0100,39,40.0,27.0,60.0,19.0,0.0,0.0,celsius,5cc8235d8d8e1c5f086ee37dfb1ad696773e8fbcb936eddecf600a5ef8182b52,100.0
225,0,88.6,24.2,2026-04-05 09:59:08.713 +0100,42,40.0,27.0,60.0,19.0,0.0,0.0,celsius,fbeb45f0076fc92038a61ad5c0a0fd5d90ab122737bc8fcc53f7ef7e00deefce,100.0
227,0,88.6,24.4,2026-04-05 09:59:18.783 +0100,42,40.0,27.0,60.0,19.0,0.0,0.0,celsius,20c15bd9db9bc7a711f6b0af4194ac826b77c2830285e2931e30d4fe1990a306,100.0
229,0,88.6,24.6,2026-04-05 10:00:19.138 +0100,33,40.0,27.0,60.0,19.0,0.0,0.0,celsius,36ce8e002a57f69511cbba123587080299128e1f293fdfb65675620a672cb3a8,100.0
231,0,89.6,24.6,2026-04-05 10:00:34.236 +0100,0,40.0,27.0,60.0,19.0,0.0,0.0,celsius,e34617c181be8dcd02e2d11a55100e2e9b7500538b23b0522f0b3eb1c3a1f2e3,100.0
233,0,90.6,24.6,2026-04-05 10:01:04.414 +0100,51,40.0,27.0,60.0,19.0,0.0,0.0,celsius,3ec15cad44c350f9e6b043d4b8686a69b85f3629875396f5c28f9d590cc3b63e,100.0
235,0,90.6,24.8,2026-04-05 10:01:14.483 +0100,27,40.0,27.0,60.0,19.0,0.0,0.0,celsius,a35ad5cc5f45c57a80f4c14522895701e14708069676ba276e27178051ba6932,100.0
237,0,90.6,25.0,2026-04-05 10:02:04.778 +0100,33,40.0,27.0,60.0,19.0,0.0,0.0,celsius,9e75f9388613bfd456cb620a031524ecde8bd2d4f0d3b4414fba8ddbd79b2af5,100.0
239,0,90.6,25.2,2026-04-05 10:02:55.126 +0100,42,40.0,27.0,60.0,19.0,0.0,0.0,celsius,58a9cfd20e96dffa5ef05c690d3aedd40f3ce560725909349b768d24ee18f779,100.0
241,0,91.8,25.2,2026-04-05 10:03:40.343 +0100,45,40.0,27.0,60.0,19.0,0.0,0.0,celsius,42204c5e9f3286c5528e15e74067c22021fb8408b4b218253bf44627a506b7da,100.0
243,0,91.8,25.4,2026-04-05 10:03:50.412 +0100,54,40.0,27.0,60.0,19.0,0.0,0.0,celsius,dab20a219951506fd22f62e3cd1ce16e9faa2112faf7ca77461de63644467100,100.0
245,0,91.8,25.6,2026-04-05 10:04:50.764 +0100,36,40.0,27.0,60.0,19.0,0.0,0.0,celsius,bb1fe27eee345fd582463930e9b857abc64a2f1c5cbc5766d297088a8f90de35,100.0
247,0,91.8,25.8,2026-04-05 10:06:21.287 +0100,48,40.0,27.0,60.0,19.0,0.0,0.0,celsius,6894c7d5dcee98e46a762e391101f864ac7208e276f9080dcc10135e9a8a6cdf,100.0
249,0,92.8,25.8,2026-04-05 10:07:26.667 +0100,36,40.0,27.0,60.0,19.0,0.0,0.0,celsius,4b28b8fa56326526e73751ce0bfd47f610b47bb05bbf1647adbfc280c75647e4,100.0
251,0,92.8,26.0,2026-04-05 10:07:41.763 +0100,36,40.0,27.0,60.0,19.0,0.0,0.0,celsius,32e5b1dd010e0fc62c57c34d9bfa1efa64639a4a418872c13e6d38c61a502b3f,100.0
253,0,92.8,26.2,2026-04-05 10:08:57.198 +0100,45,40.0,27.0,60.0,19.0,0.0,0.0,celsius,41f06cfec7594b23b8503aa23fd76bb1f053abd997f4d08caa3c8782847703c5,100.0
255,0,91.8,26.2,2026-04-05 10:10:02.575 +0100,24,40.0,27.0,60.0,19.0,0.0,0.0,celsius,8476fcb41f63a1c07a03de31a66375e9bd2aa5ca3bf5b4cc77db783091744cf5,100.0
257,0,91.8,26.4,2026-04-05 10:11:38.123 +0100,48,40.0,27.0,60.0,19.0,0.0,0.0,celsius,f3671dff61f88d5c31e9937ff97de3eadc2d18ead649d3f9b0250d13e3322fa3,100.0
259,0,90.8,26.4,2026-04-05 10:12:58.631 +0100,51,40.0,27.0,60.0,19.0,0.0,0.0,celsius,c1d4beb9702e948892338eba29e506e3697964a0b343e28179b7437acbd2366b,100.0
261,0,90.8,26.2,2026-04-05 10:13:18.708 +0100,48,40.0,27.0,60.0,19.0,0.0,0.0,celsius,b083aacf9915913d4a153876413783a67757ef8114680cf069d5a58615185780,100.0
263,0,89.7,26.2,2026-04-05 10:13:38.829 +0100,33,40.0,27.0,60.0,19.0,0.0,0.0,celsius,41106fa6de581f135ab26dae5db79df841e6860595fe65959d9867573e21fd81,100.0
265,0,88.5,26.2,2026-04-05 10:13:58.958 +0100,21,40.0,27.0,60.0,19.0,0.0,0.0,celsius,e5a06c64956e4008b152e3fcc8c377873d661482c4abcbcb940af2505f41bbd5,100.0
267,0,88.5,26.0,2026-04-05 10:14:03.981 +0100,36,40.0,27.0,60.0,19.0,0.0,0.0,celsius,c0f8a03618ee54bf57aae761a0ff67654d0ad68bb3c7ac0e810a59581681b173,100.0
269,0,87.3,26.0,2026-04-05 10:14:14.053 +0100,42,40.0,27.0,60.0,19.0,0.0,0.0,celsius,4408f451ba02b114f3efee14f8ad6065d18d7111a47ddb075541d5cc45994919,100.0
271,0,87.3,25.8,2026-04-05 10:14:29.149 +0100,42,40.0,27.0,60.0,19.0,0.0,0.0,celsius,1a6db33f1c496f464908b9ea994e678fac69da59073f353b23164655775975b4,100.0
273,0,87.3,25.6,2026-04-05 10:14:44.241 +0100,42,40.0,27.0,60.0,19.0,0.0,0.0,celsius,ba6eea3b8a2f57ccff9685d539a0854ce09f8a15694c4ac107c55f983e6db6d2,100.0
275,0,86.2,25.6,2026-04-05 10:14:49.268 +0100,42,40.0,27.0,60.0,19.0,0.0,0.0,celsius,9aadadc9857d9b713c7697a72d9d0962e1e6b62d3a77652c32f2405f0407692e,100.0
277,0,86.2,25.4,2026-04-05 10:15:04.372 +0100,42,40.0,27.0,60.0,19.0,0.0,0.0,celsius,625a71268c016ca28393db67b1119dd4916b4311441b6c0027e45631b0f2956f,100.0
279,0,85.2,25.4,2026-04-05 10:15:19.471 +0100,42,40.0,27.0,60.0,19.0,0.0,0.0,celsius,e6ab7cd65739d39880f30450716e308073cd75a9a34432f760e5738243d1ff94,100.0
281,0,85.2,25.2,2026-04-05 10:15:24.498 +0100,42,40.0,27.0,60.0,19.0,0.0,0.0,celsius,3860640f4422d01320d9bce448d22b9f04aa41fd2a928c8308800da8b88edf55,100.0
283,0,84.0,25.2,2026-04-05 10:15:39.602 +0100,42,40.0,27.0,60.0,19.0,0.0,0.0,celsius,91b007673e8cd1e92c10452f6b13e420b8a8aa4bc4563c4d69ae2363d18ea879,100.0
285,0,84.0,25.0,2026-04-05 10:15:44.629 +0100,42,40.0,27.0,60.0,19.0,0.0,0.0,celsius,6ae68d7dbd0dc1dbaf59c859695e98997a20f5f5bdc839cf37932f50412daf4d,100.0
287,0,84.0,24.8,2026-04-05 10:16:04.771 +0100,42,40.0,27.0,60.0,19.0,0.0,0.0,celsius,2c75274fe7e7df54a4e33229bf260aa937f9d2e27066903493b20a046e831e16,100.0
289,0,84.0,24.6,2026-04-05 10:16:29.917 +0100,42,40.0,27.0,60.0,19.0,0.0,0.0,celsius,d0893655f49c83c58422f454100d056b77da9a4dba075539d4da1a8098f71c8c,100.0
291,0,82.8,24.6,2026-04-05 10:16:34.944 +0100,42,40.0,27.0,60.0,19.0,0.0,0.0,celsius,a2aabcef49e4be18e9cd3931461b8ee4071711c05f6831c93b65c14098eaf036,100.0
293,0,82.8,24.4,2026-04-05 10:16:55.078 +0100,42,40.0,27.0,60.0,19.0,0.0,0.0,celsius,a28b268f478a66d7daecf3477ed5e5de251c1af48878ae2d5140adf11e273077,100.0
295,0,81.8,24.4,2026-04-05 10:17:00.112 +0100,45,40.0,27.0,60.0,19.0,0.0,0.0,celsius,d849def2ff860bfda72c3ce1ad60ad8695d47f7c1c736fd6644cb9f197037a48,100.0
297,0,80.6,24.4,2026-04-05 10:17:10.187 +0100,42,40.0,27.0,60.0,19.0,0.0,0.0,celsius,c3554a4becdfdcc9f8e8ff92c8ed928ae07dac68179324abb7e65047f14c00ca,100.0
299,0,78.6,24.4,2026-04-05 10:17:25.278 +0100,42,40.0,27.0,60.0,19.0,0.0,0.0,celsius,a9bf7efd257fda476ca8a34b7ab843062b8148a566dcfd5e219f9f8194adf18b,100.0
301,0,78.6,24.2,2026-04-05 10:17:30.305 +0100,39,40.0,27.0,60.0,19.0,0.0,0.0,celsius,cb65b5bc2403e9002a069df8cc05553ba5b7a310849f46f079aa46793b258469,100.0
303,0,79.7,24.2,2026-04-05 10:17:35.342 +0100,39,40.0,27.0,60.0,19.0,0.0,0.0,celsius,c9740ad16fdcca7de7f28d87cc69e59796dd0c8d4fa837a13d85931aee584757,100.0
305,0,78.5,24.2,2026-04-05 10:17:45.421 +0100,42,40.0,27.0,60.0,19.0,0.0,0.0,celsius,2a4f515b6de4da7cac76954799925365c21631061ef21834d6bb266f2ab9f432,100.0
307,0,76.5,24.2,2026-04-05 10:17:55.488 +0100,42,40.0,27.0,60.0,19.0,0.0,0.0,celsius,a5119ed7ebcceb8599e08795b4c2c528fcaef6e2e9fe422a43586a7ba7851c0c,100.0
309,0,77.6,24.2,2026-04-05 10:18:05.557 +0100,42,40.0,27.0,60.0,19.0,0.0,0.0,celsius,c514cd9318ebe9b9f77f96eeff658f9117fd88d8786fa9d1fe9f543d749cc948,100.0
311,0,75.9,24.2,2026-04-05 10:18:15.624 +0100,45,40.0,27.0,60.0,19.0,0.0,0.0,celsius,c63bdfdf61a0e95055349075e519241ad9cc194362868410eecf7c804d6753be,100.0
313,0,74.8,24.2,2026-04-05 10:18:20.649 +0100,45,40.0,27.0,60.0,19.0,0.0,0.0,celsius,0ad438696b64300b230c6bdabfbe8be87d3782ae159d23896061bccfaeb6388f,100.0
315,0,73.4,24.2,2026-04-05 10:18:30.725 +0100,45,40.0,27.0,60.0,19.0,0.0,0.0,celsius,44072ba8fe2db3ad84613c46a4dd837ded5339e185f30ac4931e652b316c5a41,100.0
317,0,73.4,24.0,2026-04-05 10:18:45.829 +0100,42,40.0,27.0,60.0,19.0,0.0,0.0,celsius,31fd2e46d646a29a12aded04139be86230413dc6bc859c0924cf3dfeb790feb7,100.0
319,0,72.1,24.0,2026-04-05 10:19:10.976 +0100,42,40.0,27.0,60.0,19.0,0.0,0.0,celsius,d460ae3f51832e5a9b7cd8e8a7a91804386fb2aa7765804abe69b6098ce0ef7d,100.0
321,0,71.0,24.0,2026-04-05 10:20:01.284 +0100,42,40.0,27.0,60.0,19.0,0.0,0.0,celsius,b9fa04b8a0427a53dc34f928f09ed5096d1798278c3e1f074517c5dd792d0005,100.0
323,0,69.1,24.0,2026-04-05 10:20:11.343 +0100,42,40.0,27.0,60.0,19.0,0.0,0.0,celsius,036e5234675f0e980dfede474fd608eb7d21e17f3c0dcfa73d1e641230b7e16a,100.0
325,0,70.2,24.0,2026-04-05 10:23:27.531 +0100,42,40.0,27.0,60.0,19.0,0.0,0.0,celsius,0a909e0bd660e044896dce40a3f28f8ef2f85fa4e3c1b492522fdf0046d43a90,100.0
327,0,68.9,24.0,2026-04-05 10:24:02.708 +0100,36,40.0,27.0,60.0,19.0,0.0,0.0,celsius,90db34e029d3cf249cb91e26b7c5b14ba6fed85ace1548ffd98287c675909907,100.0
329,0,67.8,24.0,2026-04-05 10:24:47.974 +0100,45,40.0,27.0,60.0,19.0,0.0,0.0,celsius,910bc7f7ca7d8879a2d599b729b761862ea0a0d08d75b6e4863f33cd38064a48,100.0
331,0,67.8,23.8,2026-04-05 10:24:53.002 +0100,45,40.0,27.0,60.0,19.0,0.0,0.0,celsius,d07cf834550b14efeed2c291c6828bd5d0621fcc919907c4eca65dab5e897f25,100.0
333,0,66.7,23.8,2026-04-05 10:25:03.083 +0100,42,40.0,27.0,60.0,19.0,0.0,0.0,celsius,8133f30ce2d92cc7b0ee1ff3e58d5d323884ea8552f590002e14da01eeb02e3b,100.0
335,0,67.8,23.8,2026-04-05 10:25:43.326 +0100,42,40.0,27.0,60.0,19.0,0.0,0.0,celsius,83fcd535056656bbd915c3eb4ec206199b8a949461f06af83b318d46a5e7185d,100.0
337,0,66.8,23.8,2026-04-05 10:26:23.576 +0100,45,40.0,27.0,60.0,19.0,0.0,0.0,celsius,6f4d9bcb639d82a3823980f4b4118f7b9294e6085c89046e8fad2a3c2b2b704c,100.0
339,0,65.6,23.8,2026-04-05 10:26:58.778 +0100,42,40.0,27.0,60.0,19.0,0.0,0.0,celsius,c69bc76fb93f6918ab48cfdbdd451bddecb88d56846d589cee4af9803e24e64d,100.0
343,0,66.8,23.6,2026-04-05 10:30:09.909 +0100,45,40.0,27.0,60.0,19.0,0.0,0.0,celsius,a62fff0a7cc64325fd66ffda9a81a39cae4eff614d61883ffd751d683eb3ff10,100.0
345,0,65.7,23.6,2026-04-05 10:31:15.297 +0100,42,40.0,27.0,60.0,19.0,0.0,0.0,celsius,199296694cf4f02c61d1133834bcba71b38a6bb15640f2240dc30cc28cf4fc56,100.0
347,0,64.5,23.6,2026-04-05 10:33:46.185 +0100,42,40.0,27.0,60.0,19.0,0.0,0.0,celsius,ae8f2cf295a859ed7b0a04fc950c69f5a2563f668611d833193033e28723c6ed,100.0
349,0,63.5,23.6,2026-04-05 10:34:06.312 +0100,42,40.0,27.0,60.0,19.0,0.0,0.0,celsius,22b7b53b4fbd66d7aaf2da3c9f826ea2b37bb6dfdd2110880d456cfc1614d4c8,100.0
351,0,62.4,23.6,2026-04-05 10:34:26.442 +0100,45,40.0,27.0,60.0,19.0,0.0,0.0,celsius,cd98a59574f0afae27128b634250ce9ebd594e58111b429818b647c22d2f6712,100.0
353,0,61.4,23.6,2026-04-05 10:34:41.533 +0100,45,40.0,27.0,60.0,19.0,0.0,0.0,celsius,5b0ab176a4352c4195da11c0fd7d6d2111484409970dd03c92d9c5292d48e715,100.0
355,0,59.9,23.6,2026-04-05 10:34:56.636 +0100,48,40.0,27.0,60.0,19.0,0.0,0.0,celsius,f1415c0a888d09c439869ac351956260cc3fc652bf616675faa5a031bcb5e80f,100.0
357,0,59.9,23.4,2026-04-05 10:35:06.698 +0100,48,40.0,27.0,60.0,19.0,0.0,0.0,celsius,4029bd650281bc7e475035971cd8901d0b0ae06b7c8424a7ca58fcc48c658b8c,100.0
359,0,58.8,23.4,2026-04-05 10:35:51.968 +0100,45,40.0,27.0,60.0,19.0,0.0,0.0,celsius,de19d53fb016b7bea55f5517d001485e839cc223660f9f59155bed8a8e9e8649,100.0
361,0,57.6,23.4,2026-04-05 10:36:57.360 +0100,51,40.0,27.0,60.0,19.0,0.0,0.0,celsius,14d7e20e5c1c77e06d44ac401eaa31023c5f3c4ccc871aa3df2feafca7eacfd4,100.0
363,0,58.9,23.4,2026-04-05 10:37:27.544 +0100,48,40.0,27.0,60.0,19.0,0.0,0.0,celsius,eca70bd99601110d1751358b678d081a9ed866908ed6e78345c544097bed58dc,100.0
365,0,58.9,23.2,2026-04-05 10:41:59.136 +0100,51,40.0,27.0,60.0,19.0,0.0,0.0,celsius,fdcf1585bb5409b9336b1ea62afadac4738fec0422239b428cce3d3887ddb8d7,100.0
367,0,59.9,23.2,2026-04-05 10:43:14.632 +0100,51,40.0,27.0,60.0,19.0,0.0,0.0,celsius,3381c70f989b2506124c6df26c39a3419c211724f8c9f7397615a57c1327889f,100.0
369,0,58.6,23.2,2026-04-05 10:45:00.217 +0100,48,40.0,27.0,60.0,19.0,0.0,0.0,celsius,7a65ca17b6f51b20d08003a5e16768a91c7ad4921c8eddbf6e5a1540eea3d8f6,100.0
371,0,59.6,23.2,2026-04-05 10:45:20.344 +0100,51,40.0,27.0,60.0,19.0,0.0,0.0,celsius,ee460a26e1fd3edeac0a9a90e945d3bd48d9d054315794155c00ba3fabb019e5,100.0
373,0,60.6,23.2,2026-04-05 10:45:25.376 +0100,51,40.0,27.0,60.0,19.0,0.0,0.0,celsius,35a028dee05bd881df0ea4c45b65bb9d06f271159e5c4c3327a983b0532040e7,100.0
375,0,61.7,23.2,2026-04-05 10:45:40.486 +0100,51,40.0,27.0,60.0,19.0,0.0,0.0,celsius,1e67d9a6c1297a414dfc7c18871f39cc8a82da6767be3044a1c34bb1089768be,100.0
377,0,62.7,23.2,2026-04-05 10:46:10.667 +0100,51,40.0,27.0,60.0,19.0,0.0,0.0,celsius,e57d3bd4da9c1ce73fba204a82779c7164af7af03bb29d77dc3b76781c4faac7,100.0
379,0,63.7,23.2,2026-04-05 10:49:57.021 +0100,48,40.0,27.0,60.0,19.0,0.0,0.0,celsius,1a099de32410a31d8455df00010fb2429ed250703b24e9b7050aa3d2b34fbb7c,100.0
383,0,61.3,23.2,2026-04-05 10:50:22.168 +0100,51,40.0,27.0,60.0,19.0,0.0,0.0,celsius,ebc2f0a71f6f42fbe8c1080a92131e38f51a6506ccd9b639b89a450c54e39d41,100.0
385,0,60.2,23.2,2026-04-05 10:50:47.333 +0100,51,40.0,27.0,60.0,19.0,0.0,0.0,celsius,64c5749b2b6ed139146f3fefa974d90d4d4ff14523955b63914bd7ea4e375bff,100.0
389,0,60.3,23.2,2026-04-05 10:51:27.589 +0100,51,40.0,27.0,60.0,19.0,0.0,0.0,celsius,7749437117355ab4ef94ff292ff567748139ee8553b94361442118f7f04d6c3a,100.0
391,0,58.5,23.2,2026-04-05 10:51:52.752 +0100,51,40.0,27.0,60.0,19.0,0.0,0.0,celsius,5953182c4df8c4dd3784707062bfbef4e6d242c0f3c6a66230fe6a2417daecf9,100.0
393,0,57.5,23.2,2026-04-05 10:53:58.506 +0100,51,40.0,27.0,60.0,19.0,0.0,0.0,celsius,30681915a9b97fa2f3866ffe583f1247942991a68eae46e66ba8d4d648d484b0,100.0
395,0,58.6,23.2,2026-04-05 10:54:38.762 +0100,51,40.0,27.0,60.0,19.0,0.0,0.0,celsius,802e8b3d9360091f6b6c45a006154de4088c50dfa164f412f40de9b5db10279f,100.0
397,0,59.7,23.2,2026-04-05 10:54:58.884 +0100,51,40.0,27.0,60.0,19.0,0.0,0.0,celsius,d38e51598e9a18eadd1508626c03a5ab2b4c4d693af87c54106cb28ae0c00c81,100.0
399,0,60.7,23.2,2026-04-05 10:55:34.117 +0100,45,40.0,27.0,60.0,19.0,0.0,0.0,celsius,3c9f4624ac4be23cc9b0cd99bcde02608b8218f910b811552bc5d7969dd6f756,100.0
401,0,60.7,23.0,2026-04-05 10:56:14.352 +0100,51,40.0,27.0,60.0,19.0,0.0,0.0,celsius,833c87131b12336ff0d6029ad944bae386738bebe915c8fe9d20a2add158eeed,100.0
403,0,59.7,23.0,2026-04-05 10:57:19.755 +0100,51,40.0,27.0,60.0,19.0,0.0,0.0,celsius,21a4fe36a978e3ef093a0ca56ac782d199e84ef2d8b57b962fcf450dc4108acf,100.0
405,0,58.2,23.0,2026-04-05 10:59:00.357 +0100,51,40.0,27.0,60.0,19.0,0.0,0.0,celsius,027914f725e5ff2fab964b991f171f8946ee3b1758664d4170f0a2d110534282,100.0
407,0,56.9,23.0,2026-04-05 10:59:10.428 +0100,51,40.0,27.0,60.0,19.0,0.0,0.0,celsius,0428691e4539c9b9a1e7609ed6481681bbdae7ca8bed9d2a01d4ae5596882261,100.0
409,0,55.9,23.0,2026-04-05 11:00:00.731 +0100,54,40.0,27.0,60.0,19.0,0.0,0.0,celsius,925602f8d4eba9a2160ecf1a4e295dd9e62b5d938b70f52919c0da02ea214226,100.0
411,0,54.9,23.0,2026-04-05 11:03:06.882 +0100,51,40.0,27.0,60.0,19.0,0.0,0.0,celsius,4b9c4f3c75713c22930ea3fd4e4646064625daa85f6adc7ad674eeb8e72cec25,100.0
413,0,55.9,23.0,2026-04-05 11:03:37.028 +0100,51,40.0,27.0,60.0,19.0,0.0,0.0,celsius,9689a8061026b609ffd16ba49f7be2c6412b3af904a60a55d30d8fc77e8f6148,100.0
